ISO-10303-21;
HEADER;
/* Generated by software containing ST-Developer
 * from STEP Tools, Inc. (www.steptools.com) 
 */

FILE_DESCRIPTION(
/* description */ (''),
/* implementation_level */ '2;1');

FILE_NAME(
/* name */ 'PCB with Case.step',
/* time_stamp */ '2026-01-21T20:01:52-05:00',
/* author */ (''),
/* organization */ (''),
/* preprocessor_version */ 'ST-DEVELOPER v20.1',
/* originating_system */ 'Autodesk Translation Framework v14.21.0.0',
/* authorisation */ '');

FILE_SCHEMA (('AUTOMOTIVE_DESIGN { 1 0 10303 214 3 1 1 }'));
ENDSEC;

DATA;
#10=MECHANICAL_DESIGN_GEOMETRIC_PRESENTATION_REPRESENTATION('',(#13,#14),
#2310);
#11=SHAPE_REPRESENTATION_RELATIONSHIP('SRR','None',#2317,#12);
#12=ADVANCED_BREP_SHAPE_REPRESENTATION('',(#15,#16),#2309);
#13=STYLED_ITEM('',(#2326),#15);
#14=STYLED_ITEM('',(#2326),#16);
#15=MANIFOLD_SOLID_BREP('bottom case',#1389);
#16=MANIFOLD_SOLID_BREP('upper case',#1390);
#17=CIRCLE('',#1410,15.985);
#18=CIRCLE('',#1411,15.985);
#19=CIRCLE('',#1414,15.985);
#20=CIRCLE('',#1415,15.985);
#21=CIRCLE('',#1425,23.2459682155235);
#22=CIRCLE('',#1426,22.3965125917458);
#23=CIRCLE('',#1427,21.675034595641);
#24=CIRCLE('',#1428,24.1166166107286);
#25=CIRCLE('',#1431,15.985);
#26=CIRCLE('',#1432,15.985);
#27=CIRCLE('',#1435,15.985);
#28=CIRCLE('',#1436,15.985);
#29=CIRCLE('',#1439,18.2631);
#30=CIRCLE('',#1440,18.2631);
#31=CIRCLE('',#1443,24.1166166107286);
#32=CIRCLE('',#1446,21.675034595641);
#33=CIRCLE('',#1449,22.3965125917458);
#34=CIRCLE('',#1452,15.985);
#35=CIRCLE('',#1453,15.985);
#36=CIRCLE('',#1456,23.2459682155235);
#37=CIRCLE('',#1462,15.985);
#38=CIRCLE('',#1463,15.985);
#39=CIRCLE('',#1464,11.2721819138957);
#40=CIRCLE('',#1465,27.7086898958719);
#41=CIRCLE('',#1466,9.04826554934159);
#42=CIRCLE('',#1467,16.5942525980848);
#43=CIRCLE('',#1468,13.6662056498504);
#44=CIRCLE('',#1469,11.7691701589934);
#45=CIRCLE('',#1470,7.20888053347774);
#46=CIRCLE('',#1471,9.1377138375092);
#47=CIRCLE('',#1475,13.6662056498504);
#48=CIRCLE('',#1478,11.7691701589934);
#49=CIRCLE('',#1482,7.20888053347774);
#50=CIRCLE('',#1485,9.1377138375092);
#51=CIRCLE('',#1489,11.2721819138957);
#52=CIRCLE('',#1492,27.7086898958719);
#53=CIRCLE('',#1496,9.04826554934159);
#54=CIRCLE('',#1499,16.5942525980848);
#55=CIRCLE('',#1506,17.5835);
#56=CIRCLE('',#1507,17.5835);
#57=CIRCLE('',#1514,17.5835);
#58=CIRCLE('',#1515,15.985);
#59=CIRCLE('',#1521,17.5835);
#60=CIRCLE('',#1522,15.985);
#61=CYLINDRICAL_SURFACE('',#1409,15.985);
#62=CYLINDRICAL_SURFACE('',#1413,15.985);
#63=CYLINDRICAL_SURFACE('',#1430,15.985);
#64=CYLINDRICAL_SURFACE('',#1434,15.985);
#65=CYLINDRICAL_SURFACE('',#1438,18.2631);
#66=CYLINDRICAL_SURFACE('',#1442,24.1166166107286);
#67=CYLINDRICAL_SURFACE('',#1445,21.675034595641);
#68=CYLINDRICAL_SURFACE('',#1448,22.3965125917458);
#69=CYLINDRICAL_SURFACE('',#1451,15.985);
#70=CYLINDRICAL_SURFACE('',#1457,23.2459682155235);
#71=CYLINDRICAL_SURFACE('',#1474,13.6662056498504);
#72=CYLINDRICAL_SURFACE('',#1477,11.7691701589934);
#73=CYLINDRICAL_SURFACE('',#1481,7.20888053347774);
#74=CYLINDRICAL_SURFACE('',#1484,9.1377138375092);
#75=CYLINDRICAL_SURFACE('',#1488,11.2721819138957);
#76=CYLINDRICAL_SURFACE('',#1491,27.7086898958719);
#77=CYLINDRICAL_SURFACE('',#1495,9.04826554934159);
#78=CYLINDRICAL_SURFACE('',#1498,16.5942525980848);
#79=CYLINDRICAL_SURFACE('',#1516,17.5835);
#80=CYLINDRICAL_SURFACE('',#1517,15.985);
#81=CYLINDRICAL_SURFACE('',#1523,17.5835);
#82=CYLINDRICAL_SURFACE('',#1524,15.985);
#83=FACE_BOUND('',#187,.T.);
#84=FACE_BOUND('',#198,.T.);
#85=FACE_BOUND('',#199,.T.);
#86=FACE_BOUND('',#200,.T.);
#87=FACE_BOUND('',#203,.T.);
#88=FACE_BOUND('',#207,.T.);
#89=FACE_BOUND('',#208,.T.);
#90=FACE_BOUND('',#209,.T.);
#91=FACE_BOUND('',#210,.T.);
#92=FACE_BOUND('',#220,.T.);
#93=FACE_BOUND('',#223,.T.);
#94=FACE_BOUND('',#226,.T.);
#95=FACE_BOUND('',#230,.T.);
#96=FACE_BOUND('',#236,.T.);
#97=FACE_BOUND('',#237,.T.);
#98=FACE_BOUND('',#238,.T.);
#99=FACE_BOUND('',#239,.T.);
#100=FACE_BOUND('',#266,.T.);
#101=FACE_BOUND('',#267,.T.);
#102=FACE_BOUND('',#268,.T.);
#103=FACE_BOUND('',#269,.T.);
#104=FACE_BOUND('',#276,.T.);
#105=FACE_BOUND('',#282,.T.);
#106=FACE_OUTER_BOUND('',#185,.T.);
#107=FACE_OUTER_BOUND('',#186,.T.);
#108=FACE_OUTER_BOUND('',#188,.T.);
#109=FACE_OUTER_BOUND('',#189,.T.);
#110=FACE_OUTER_BOUND('',#190,.T.);
#111=FACE_OUTER_BOUND('',#191,.T.);
#112=FACE_OUTER_BOUND('',#192,.T.);
#113=FACE_OUTER_BOUND('',#193,.T.);
#114=FACE_OUTER_BOUND('',#194,.T.);
#115=FACE_OUTER_BOUND('',#195,.T.);
#116=FACE_OUTER_BOUND('',#196,.T.);
#117=FACE_OUTER_BOUND('',#197,.T.);
#118=FACE_OUTER_BOUND('',#201,.T.);
#119=FACE_OUTER_BOUND('',#202,.T.);
#120=FACE_OUTER_BOUND('',#204,.T.);
#121=FACE_OUTER_BOUND('',#205,.T.);
#122=FACE_OUTER_BOUND('',#206,.T.);
#123=FACE_OUTER_BOUND('',#211,.T.);
#124=FACE_OUTER_BOUND('',#212,.T.);
#125=FACE_OUTER_BOUND('',#213,.T.);
#126=FACE_OUTER_BOUND('',#214,.T.);
#127=FACE_OUTER_BOUND('',#215,.T.);
#128=FACE_OUTER_BOUND('',#216,.T.);
#129=FACE_OUTER_BOUND('',#217,.T.);
#130=FACE_OUTER_BOUND('',#218,.T.);
#131=FACE_OUTER_BOUND('',#219,.T.);
#132=FACE_OUTER_BOUND('',#221,.T.);
#133=FACE_OUTER_BOUND('',#222,.T.);
#134=FACE_OUTER_BOUND('',#224,.T.);
#135=FACE_OUTER_BOUND('',#225,.T.);
#136=FACE_OUTER_BOUND('',#227,.T.);
#137=FACE_OUTER_BOUND('',#228,.T.);
#138=FACE_OUTER_BOUND('',#229,.T.);
#139=FACE_OUTER_BOUND('',#231,.T.);
#140=FACE_OUTER_BOUND('',#232,.T.);
#141=FACE_OUTER_BOUND('',#233,.T.);
#142=FACE_OUTER_BOUND('',#234,.T.);
#143=FACE_OUTER_BOUND('',#235,.T.);
#144=FACE_OUTER_BOUND('',#240,.T.);
#145=FACE_OUTER_BOUND('',#241,.T.);
#146=FACE_OUTER_BOUND('',#242,.T.);
#147=FACE_OUTER_BOUND('',#243,.T.);
#148=FACE_OUTER_BOUND('',#244,.T.);
#149=FACE_OUTER_BOUND('',#245,.T.);
#150=FACE_OUTER_BOUND('',#246,.T.);
#151=FACE_OUTER_BOUND('',#247,.T.);
#152=FACE_OUTER_BOUND('',#248,.T.);
#153=FACE_OUTER_BOUND('',#249,.T.);
#154=FACE_OUTER_BOUND('',#250,.T.);
#155=FACE_OUTER_BOUND('',#251,.T.);
#156=FACE_OUTER_BOUND('',#252,.T.);
#157=FACE_OUTER_BOUND('',#253,.T.);
#158=FACE_OUTER_BOUND('',#254,.T.);
#159=FACE_OUTER_BOUND('',#255,.T.);
#160=FACE_OUTER_BOUND('',#256,.T.);
#161=FACE_OUTER_BOUND('',#257,.T.);
#162=FACE_OUTER_BOUND('',#258,.T.);
#163=FACE_OUTER_BOUND('',#259,.T.);
#164=FACE_OUTER_BOUND('',#260,.T.);
#165=FACE_OUTER_BOUND('',#261,.T.);
#166=FACE_OUTER_BOUND('',#262,.T.);
#167=FACE_OUTER_BOUND('',#263,.T.);
#168=FACE_OUTER_BOUND('',#264,.T.);
#169=FACE_OUTER_BOUND('',#265,.T.);
#170=FACE_OUTER_BOUND('',#270,.T.);
#171=FACE_OUTER_BOUND('',#271,.T.);
#172=FACE_OUTER_BOUND('',#272,.T.);
#173=FACE_OUTER_BOUND('',#273,.T.);
#174=FACE_OUTER_BOUND('',#274,.T.);
#175=FACE_OUTER_BOUND('',#275,.T.);
#176=FACE_OUTER_BOUND('',#277,.T.);
#177=FACE_OUTER_BOUND('',#278,.T.);
#178=FACE_OUTER_BOUND('',#279,.T.);
#179=FACE_OUTER_BOUND('',#280,.T.);
#180=FACE_OUTER_BOUND('',#281,.T.);
#181=FACE_OUTER_BOUND('',#283,.T.);
#182=FACE_OUTER_BOUND('',#284,.T.);
#183=FACE_OUTER_BOUND('',#285,.T.);
#184=FACE_OUTER_BOUND('',#286,.T.);
#185=EDGE_LOOP('',(#881,#882,#883,#884));
#186=EDGE_LOOP('',(#885,#886,#887,#888));
#187=EDGE_LOOP('',(#889,#890,#891,#892));
#188=EDGE_LOOP('',(#893,#894,#895,#896));
#189=EDGE_LOOP('',(#897,#898,#899,#900));
#190=EDGE_LOOP('',(#901,#902,#903,#904));
#191=EDGE_LOOP('',(#905,#906,#907,#908));
#192=EDGE_LOOP('',(#909));
#193=EDGE_LOOP('',(#910,#911,#912,#913));
#194=EDGE_LOOP('',(#914));
#195=EDGE_LOOP('',(#915,#916,#917,#918));
#196=EDGE_LOOP('',(#919,#920,#921,#922));
#197=EDGE_LOOP('',(#923,#924,#925,#926));
#198=EDGE_LOOP('',(#927));
#199=EDGE_LOOP('',(#928));
#200=EDGE_LOOP('',(#929,#930,#931,#932));
#201=EDGE_LOOP('',(#933,#934,#935,#936));
#202=EDGE_LOOP('',(#937,#938,#939,#940));
#203=EDGE_LOOP('',(#941,#942,#943,#944));
#204=EDGE_LOOP('',(#945,#946,#947,#948));
#205=EDGE_LOOP('',(#949,#950,#951,#952));
#206=EDGE_LOOP('',(#953,#954,#955,#956));
#207=EDGE_LOOP('',(#957));
#208=EDGE_LOOP('',(#958));
#209=EDGE_LOOP('',(#959));
#210=EDGE_LOOP('',(#960));
#211=EDGE_LOOP('',(#961,#962,#963,#964));
#212=EDGE_LOOP('',(#965,#966,#967,#968));
#213=EDGE_LOOP('',(#969));
#214=EDGE_LOOP('',(#970,#971,#972,#973));
#215=EDGE_LOOP('',(#974));
#216=EDGE_LOOP('',(#975,#976,#977,#978));
#217=EDGE_LOOP('',(#979));
#218=EDGE_LOOP('',(#980,#981,#982,#983));
#219=EDGE_LOOP('',(#984));
#220=EDGE_LOOP('',(#985));
#221=EDGE_LOOP('',(#986,#987,#988,#989));
#222=EDGE_LOOP('',(#990));
#223=EDGE_LOOP('',(#991));
#224=EDGE_LOOP('',(#992,#993,#994,#995));
#225=EDGE_LOOP('',(#996));
#226=EDGE_LOOP('',(#997));
#227=EDGE_LOOP('',(#998,#999,#1000,#1001));
#228=EDGE_LOOP('',(#1002));
#229=EDGE_LOOP('',(#1003));
#230=EDGE_LOOP('',(#1004));
#231=EDGE_LOOP('',(#1005,#1006,#1007,#1008));
#232=EDGE_LOOP('',(#1009,#1010,#1011,#1012));
#233=EDGE_LOOP('',(#1013,#1014,#1015,#1016));
#234=EDGE_LOOP('',(#1017,#1018,#1019,#1020));
#235=EDGE_LOOP('',(#1021,#1022,#1023,#1024));
#236=EDGE_LOOP('',(#1025));
#237=EDGE_LOOP('',(#1026));
#238=EDGE_LOOP('',(#1027,#1028,#1029,#1030,#1031,#1032,#1033,#1034,#1035,
#1036,#1037,#1038));
#239=EDGE_LOOP('',(#1039,#1040,#1041,#1042,#1043,#1044,#1045,#1046,#1047,
#1048,#1049,#1050,#1051,#1052,#1053,#1054,#1055,#1056,#1057,#1058));
#240=EDGE_LOOP('',(#1059,#1060,#1061,#1062));
#241=EDGE_LOOP('',(#1063,#1064,#1065,#1066));
#242=EDGE_LOOP('',(#1067,#1068,#1069,#1070));
#243=EDGE_LOOP('',(#1071,#1072,#1073,#1074));
#244=EDGE_LOOP('',(#1075,#1076,#1077,#1078));
#245=EDGE_LOOP('',(#1079,#1080,#1081,#1082));
#246=EDGE_LOOP('',(#1083,#1084,#1085,#1086));
#247=EDGE_LOOP('',(#1087,#1088,#1089,#1090));
#248=EDGE_LOOP('',(#1091,#1092,#1093,#1094));
#249=EDGE_LOOP('',(#1095,#1096,#1097,#1098));
#250=EDGE_LOOP('',(#1099,#1100,#1101,#1102));
#251=EDGE_LOOP('',(#1103,#1104,#1105,#1106));
#252=EDGE_LOOP('',(#1107,#1108,#1109,#1110));
#253=EDGE_LOOP('',(#1111,#1112,#1113,#1114));
#254=EDGE_LOOP('',(#1115,#1116,#1117,#1118));
#255=EDGE_LOOP('',(#1119,#1120,#1121,#1122));
#256=EDGE_LOOP('',(#1123,#1124,#1125,#1126));
#257=EDGE_LOOP('',(#1127,#1128,#1129,#1130));
#258=EDGE_LOOP('',(#1131,#1132,#1133,#1134));
#259=EDGE_LOOP('',(#1135,#1136,#1137,#1138));
#260=EDGE_LOOP('',(#1139,#1140,#1141,#1142));
#261=EDGE_LOOP('',(#1143,#1144,#1145,#1146));
#262=EDGE_LOOP('',(#1147,#1148,#1149,#1150));
#263=EDGE_LOOP('',(#1151,#1152,#1153,#1154));
#264=EDGE_LOOP('',(#1155,#1156,#1157,#1158));
#265=EDGE_LOOP('',(#1159,#1160,#1161,#1162));
#266=EDGE_LOOP('',(#1163,#1164,#1165,#1166,#1167,#1168,#1169,#1170,#1171,
#1172,#1173,#1174));
#267=EDGE_LOOP('',(#1175,#1176,#1177,#1178,#1179,#1180,#1181,#1182,#1183,
#1184,#1185,#1186,#1187,#1188,#1189,#1190,#1191,#1192,#1193,#1194));
#268=EDGE_LOOP('',(#1195));
#269=EDGE_LOOP('',(#1196));
#270=EDGE_LOOP('',(#1197,#1198,#1199,#1200));
#271=EDGE_LOOP('',(#1201,#1202,#1203,#1204));
#272=EDGE_LOOP('',(#1205,#1206,#1207,#1208));
#273=EDGE_LOOP('',(#1209,#1210,#1211,#1212));
#274=EDGE_LOOP('',(#1213,#1214,#1215,#1216));
#275=EDGE_LOOP('',(#1217));
#276=EDGE_LOOP('',(#1218));
#277=EDGE_LOOP('',(#1219,#1220,#1221,#1222));
#278=EDGE_LOOP('',(#1223,#1224,#1225,#1226));
#279=EDGE_LOOP('',(#1227,#1228,#1229,#1230));
#280=EDGE_LOOP('',(#1231,#1232,#1233,#1234));
#281=EDGE_LOOP('',(#1235));
#282=EDGE_LOOP('',(#1236));
#283=EDGE_LOOP('',(#1237,#1238,#1239,#1240));
#284=EDGE_LOOP('',(#1241,#1242,#1243,#1244));
#285=EDGE_LOOP('',(#1245,#1246,#1247,#1248));
#286=EDGE_LOOP('',(#1249,#1250,#1251,#1252));
#287=LINE('',#1921,#429);
#288=LINE('',#1923,#430);
#289=LINE('',#1925,#431);
#290=LINE('',#1926,#432);
#291=LINE('',#1930,#433);
#292=LINE('',#1932,#434);
#293=LINE('',#1934,#435);
#294=LINE('',#1935,#436);
#295=LINE('',#1937,#437);
#296=LINE('',#1939,#438);
#297=LINE('',#1940,#439);
#298=LINE('',#1943,#440);
#299=LINE('',#1944,#441);
#300=LINE('',#1947,#442);
#301=LINE('',#1948,#443);
#302=LINE('',#1950,#444);
#303=LINE('',#1955,#445);
#304=LINE('',#1962,#446);
#305=LINE('',#1967,#447);
#306=LINE('',#1969,#448);
#307=LINE('',#1970,#449);
#308=LINE('',#1974,#450);
#309=LINE('',#1976,#451);
#310=LINE('',#1978,#452);
#311=LINE('',#1979,#453);
#312=LINE('',#1982,#454);
#313=LINE('',#1983,#455);
#314=LINE('',#1985,#456);
#315=LINE('',#1987,#457);
#316=LINE('',#1988,#458);
#317=LINE('',#1991,#459);
#318=LINE('',#1992,#460);
#319=LINE('',#1996,#461);
#320=LINE('',#1997,#462);
#321=LINE('',#1998,#463);
#322=LINE('',#2000,#464);
#323=LINE('',#2002,#465);
#324=LINE('',#2013,#466);
#325=LINE('',#2018,#467);
#326=LINE('',#2025,#468);
#327=LINE('',#2032,#469);
#328=LINE('',#2038,#470);
#329=LINE('',#2043,#471);
#330=LINE('',#2048,#472);
#331=LINE('',#2054,#473);
#332=LINE('',#2061,#474);
#333=LINE('',#2066,#475);
#334=LINE('',#2068,#476);
#335=LINE('',#2070,#477);
#336=LINE('',#2071,#478);
#337=LINE('',#2074,#479);
#338=LINE('',#2076,#480);
#339=LINE('',#2077,#481);
#340=LINE('',#2081,#482);
#341=LINE('',#2083,#483);
#342=LINE('',#2085,#484);
#343=LINE('',#2086,#485);
#344=LINE('',#2092,#486);
#345=LINE('',#2094,#487);
#346=LINE('',#2096,#488);
#347=LINE('',#2098,#489);
#348=LINE('',#2100,#490);
#349=LINE('',#2102,#491);
#350=LINE('',#2104,#492);
#351=LINE('',#2106,#493);
#352=LINE('',#2108,#494);
#353=LINE('',#2109,#495);
#354=LINE('',#2112,#496);
#355=LINE('',#2114,#497);
#356=LINE('',#2118,#498);
#357=LINE('',#2122,#499);
#358=LINE('',#2124,#500);
#359=LINE('',#2128,#501);
#360=LINE('',#2132,#502);
#361=LINE('',#2134,#503);
#362=LINE('',#2138,#504);
#363=LINE('',#2142,#505);
#364=LINE('',#2144,#506);
#365=LINE('',#2148,#507);
#366=LINE('',#2152,#508);
#367=LINE('',#2154,#509);
#368=LINE('',#2155,#510);
#369=LINE('',#2158,#511);
#370=LINE('',#2159,#512);
#371=LINE('',#2163,#513);
#372=LINE('',#2166,#514);
#373=LINE('',#2167,#515);
#374=LINE('',#2171,#516);
#375=LINE('',#2174,#517);
#376=LINE('',#2175,#518);
#377=LINE('',#2178,#519);
#378=LINE('',#2179,#520);
#379=LINE('',#2183,#521);
#380=LINE('',#2186,#522);
#381=LINE('',#2187,#523);
#382=LINE('',#2191,#524);
#383=LINE('',#2194,#525);
#384=LINE('',#2195,#526);
#385=LINE('',#2198,#527);
#386=LINE('',#2199,#528);
#387=LINE('',#2203,#529);
#388=LINE('',#2206,#530);
#389=LINE('',#2207,#531);
#390=LINE('',#2211,#532);
#391=LINE('',#2214,#533);
#392=LINE('',#2215,#534);
#393=LINE('',#2218,#535);
#394=LINE('',#2219,#536);
#395=LINE('',#2223,#537);
#396=LINE('',#2226,#538);
#397=LINE('',#2227,#539);
#398=LINE('',#2232,#540);
#399=LINE('',#2234,#541);
#400=LINE('',#2235,#542);
#401=LINE('',#2238,#543);
#402=LINE('',#2239,#544);
#403=LINE('',#2242,#545);
#404=LINE('',#2243,#546);
#405=LINE('',#2246,#547);
#406=LINE('',#2247,#548);
#407=LINE('',#2250,#549);
#408=LINE('',#2252,#550);
#409=LINE('',#2253,#551);
#410=LINE('',#2257,#552);
#411=LINE('',#2259,#553);
#412=LINE('',#2261,#554);
#413=LINE('',#2262,#555);
#414=LINE('',#2264,#556);
#415=LINE('',#2265,#557);
#416=LINE('',#2267,#558);
#417=LINE('',#2268,#559);
#418=LINE('',#2269,#560);
#419=LINE('',#2275,#561);
#420=LINE('',#2277,#562);
#421=LINE('',#2287,#563);
#422=LINE('',#2289,#564);
#423=LINE('',#2291,#565);
#424=LINE('',#2292,#566);
#425=LINE('',#2294,#567);
#426=LINE('',#2301,#568);
#427=LINE('',#2303,#569);
#428=LINE('',#2305,#570);
#429=VECTOR('',#1531,10.);
#430=VECTOR('',#1532,10.);
#431=VECTOR('',#1533,10.);
#432=VECTOR('',#1534,10.);
#433=VECTOR('',#1537,10.);
#434=VECTOR('',#1538,10.);
#435=VECTOR('',#1539,10.);
#436=VECTOR('',#1540,10.);
#437=VECTOR('',#1541,10.);
#438=VECTOR('',#1542,10.);
#439=VECTOR('',#1543,10.);
#440=VECTOR('',#1546,10.);
#441=VECTOR('',#1547,10.);
#442=VECTOR('',#1550,10.);
#443=VECTOR('',#1551,10.);
#444=VECTOR('',#1554,10.);
#445=VECTOR('',#1559,15.985);
#446=VECTOR('',#1568,15.985);
#447=VECTOR('',#1575,10.);
#448=VECTOR('',#1576,10.);
#449=VECTOR('',#1577,10.);
#450=VECTOR('',#1580,10.);
#451=VECTOR('',#1581,10.);
#452=VECTOR('',#1582,10.);
#453=VECTOR('',#1583,10.);
#454=VECTOR('',#1586,10.);
#455=VECTOR('',#1587,10.);
#456=VECTOR('',#1588,10.);
#457=VECTOR('',#1589,10.);
#458=VECTOR('',#1590,10.);
#459=VECTOR('',#1593,10.);
#460=VECTOR('',#1594,10.);
#461=VECTOR('',#1597,10.);
#462=VECTOR('',#1598,10.);
#463=VECTOR('',#1599,10.);
#464=VECTOR('',#1602,10.);
#465=VECTOR('',#1605,10.);
#466=VECTOR('',#1618,10.);
#467=VECTOR('',#1623,15.985);
#468=VECTOR('',#1632,15.985);
#469=VECTOR('',#1641,18.263);
#470=VECTOR('',#1650,24.1166166107286);
#471=VECTOR('',#1657,21.675034595641);
#472=VECTOR('',#1664,22.3965125917458);
#473=VECTOR('',#1671,15.985);
#474=VECTOR('',#1682,23.2459682155235);
#475=VECTOR('',#1687,10.);
#476=VECTOR('',#1688,10.);
#477=VECTOR('',#1689,10.);
#478=VECTOR('',#1690,10.);
#479=VECTOR('',#1693,10.);
#480=VECTOR('',#1694,10.);
#481=VECTOR('',#1695,10.);
#482=VECTOR('',#1698,10.);
#483=VECTOR('',#1699,10.);
#484=VECTOR('',#1700,10.);
#485=VECTOR('',#1701,10.);
#486=VECTOR('',#1706,10.);
#487=VECTOR('',#1707,10.);
#488=VECTOR('',#1708,10.);
#489=VECTOR('',#1709,10.);
#490=VECTOR('',#1710,10.);
#491=VECTOR('',#1711,10.);
#492=VECTOR('',#1712,10.);
#493=VECTOR('',#1713,10.);
#494=VECTOR('',#1714,10.);
#495=VECTOR('',#1715,10.);
#496=VECTOR('',#1716,10.);
#497=VECTOR('',#1717,10.);
#498=VECTOR('',#1720,10.);
#499=VECTOR('',#1723,10.);
#500=VECTOR('',#1724,10.);
#501=VECTOR('',#1727,10.);
#502=VECTOR('',#1730,10.);
#503=VECTOR('',#1731,10.);
#504=VECTOR('',#1734,10.);
#505=VECTOR('',#1737,10.);
#506=VECTOR('',#1738,10.);
#507=VECTOR('',#1741,10.);
#508=VECTOR('',#1746,10.);
#509=VECTOR('',#1747,10.);
#510=VECTOR('',#1748,10.);
#511=VECTOR('',#1751,10.);
#512=VECTOR('',#1752,10.);
#513=VECTOR('',#1757,10.);
#514=VECTOR('',#1760,10.);
#515=VECTOR('',#1761,10.);
#516=VECTOR('',#1766,10.);
#517=VECTOR('',#1769,10.);
#518=VECTOR('',#1770,10.);
#519=VECTOR('',#1773,10.);
#520=VECTOR('',#1774,10.);
#521=VECTOR('',#1779,10.);
#522=VECTOR('',#1782,10.);
#523=VECTOR('',#1783,10.);
#524=VECTOR('',#1788,10.);
#525=VECTOR('',#1791,10.);
#526=VECTOR('',#1792,10.);
#527=VECTOR('',#1795,10.);
#528=VECTOR('',#1796,10.);
#529=VECTOR('',#1801,10.);
#530=VECTOR('',#1804,10.);
#531=VECTOR('',#1805,10.);
#532=VECTOR('',#1810,10.);
#533=VECTOR('',#1813,10.);
#534=VECTOR('',#1814,10.);
#535=VECTOR('',#1817,10.);
#536=VECTOR('',#1818,10.);
#537=VECTOR('',#1823,10.);
#538=VECTOR('',#1826,10.);
#539=VECTOR('',#1827,10.);
#540=VECTOR('',#1834,10.);
#541=VECTOR('',#1835,10.);
#542=VECTOR('',#1836,10.);
#543=VECTOR('',#1839,10.);
#544=VECTOR('',#1840,10.);
#545=VECTOR('',#1843,10.);
#546=VECTOR('',#1844,10.);
#547=VECTOR('',#1847,10.);
#548=VECTOR('',#1848,10.);
#549=VECTOR('',#1851,10.);
#550=VECTOR('',#1852,10.);
#551=VECTOR('',#1853,10.);
#552=VECTOR('',#1856,10.);
#553=VECTOR('',#1857,10.);
#554=VECTOR('',#1858,10.);
#555=VECTOR('',#1859,10.);
#556=VECTOR('',#1860,10.);
#557=VECTOR('',#1861,10.);
#558=VECTOR('',#1862,10.);
#559=VECTOR('',#1863,10.);
#560=VECTOR('',#1864,10.);
#561=VECTOR('',#1871,10.);
#562=VECTOR('',#1874,10.);
#563=VECTOR('',#1889,17.5835);
#564=VECTOR('',#1892,15.985);
#565=VECTOR('',#1895,10.);
#566=VECTOR('',#1896,10.);
#567=VECTOR('',#1899,10.);
#568=VECTOR('',#1908,17.5835);
#569=VECTOR('',#1911,15.985);
#570=VECTOR('',#1914,10.);
#571=VERTEX_POINT('',#1919);
#572=VERTEX_POINT('',#1920);
#573=VERTEX_POINT('',#1922);
#574=VERTEX_POINT('',#1924);
#575=VERTEX_POINT('',#1928);
#576=VERTEX_POINT('',#1929);
#577=VERTEX_POINT('',#1931);
#578=VERTEX_POINT('',#1933);
#579=VERTEX_POINT('',#1936);
#580=VERTEX_POINT('',#1938);
#581=VERTEX_POINT('',#1942);
#582=VERTEX_POINT('',#1946);
#583=VERTEX_POINT('',#1952);
#584=VERTEX_POINT('',#1954);
#585=VERTEX_POINT('',#1959);
#586=VERTEX_POINT('',#1961);
#587=VERTEX_POINT('',#1966);
#588=VERTEX_POINT('',#1968);
#589=VERTEX_POINT('',#1972);
#590=VERTEX_POINT('',#1973);
#591=VERTEX_POINT('',#1975);
#592=VERTEX_POINT('',#1977);
#593=VERTEX_POINT('',#1981);
#594=VERTEX_POINT('',#1984);
#595=VERTEX_POINT('',#1986);
#596=VERTEX_POINT('',#1990);
#597=VERTEX_POINT('',#1994);
#598=VERTEX_POINT('',#1995);
#599=VERTEX_POINT('',#2004);
#600=VERTEX_POINT('',#2006);
#601=VERTEX_POINT('',#2008);
#602=VERTEX_POINT('',#2010);
#603=VERTEX_POINT('',#2015);
#604=VERTEX_POINT('',#2017);
#605=VERTEX_POINT('',#2022);
#606=VERTEX_POINT('',#2024);
#607=VERTEX_POINT('',#2029);
#608=VERTEX_POINT('',#2031);
#609=VERTEX_POINT('',#2036);
#610=VERTEX_POINT('',#2041);
#611=VERTEX_POINT('',#2046);
#612=VERTEX_POINT('',#2051);
#613=VERTEX_POINT('',#2053);
#614=VERTEX_POINT('',#2058);
#615=VERTEX_POINT('',#2064);
#616=VERTEX_POINT('',#2065);
#617=VERTEX_POINT('',#2067);
#618=VERTEX_POINT('',#2069);
#619=VERTEX_POINT('',#2073);
#620=VERTEX_POINT('',#2075);
#621=VERTEX_POINT('',#2079);
#622=VERTEX_POINT('',#2080);
#623=VERTEX_POINT('',#2082);
#624=VERTEX_POINT('',#2084);
#625=VERTEX_POINT('',#2087);
#626=VERTEX_POINT('',#2089);
#627=VERTEX_POINT('',#2091);
#628=VERTEX_POINT('',#2093);
#629=VERTEX_POINT('',#2095);
#630=VERTEX_POINT('',#2097);
#631=VERTEX_POINT('',#2099);
#632=VERTEX_POINT('',#2101);
#633=VERTEX_POINT('',#2103);
#634=VERTEX_POINT('',#2105);
#635=VERTEX_POINT('',#2107);
#636=VERTEX_POINT('',#2110);
#637=VERTEX_POINT('',#2111);
#638=VERTEX_POINT('',#2113);
#639=VERTEX_POINT('',#2115);
#640=VERTEX_POINT('',#2117);
#641=VERTEX_POINT('',#2119);
#642=VERTEX_POINT('',#2121);
#643=VERTEX_POINT('',#2123);
#644=VERTEX_POINT('',#2125);
#645=VERTEX_POINT('',#2127);
#646=VERTEX_POINT('',#2129);
#647=VERTEX_POINT('',#2131);
#648=VERTEX_POINT('',#2133);
#649=VERTEX_POINT('',#2135);
#650=VERTEX_POINT('',#2137);
#651=VERTEX_POINT('',#2139);
#652=VERTEX_POINT('',#2141);
#653=VERTEX_POINT('',#2143);
#654=VERTEX_POINT('',#2145);
#655=VERTEX_POINT('',#2147);
#656=VERTEX_POINT('',#2151);
#657=VERTEX_POINT('',#2153);
#658=VERTEX_POINT('',#2157);
#659=VERTEX_POINT('',#2161);
#660=VERTEX_POINT('',#2165);
#661=VERTEX_POINT('',#2169);
#662=VERTEX_POINT('',#2173);
#663=VERTEX_POINT('',#2177);
#664=VERTEX_POINT('',#2181);
#665=VERTEX_POINT('',#2185);
#666=VERTEX_POINT('',#2189);
#667=VERTEX_POINT('',#2193);
#668=VERTEX_POINT('',#2197);
#669=VERTEX_POINT('',#2201);
#670=VERTEX_POINT('',#2205);
#671=VERTEX_POINT('',#2209);
#672=VERTEX_POINT('',#2213);
#673=VERTEX_POINT('',#2217);
#674=VERTEX_POINT('',#2221);
#675=VERTEX_POINT('',#2225);
#676=VERTEX_POINT('',#2231);
#677=VERTEX_POINT('',#2233);
#678=VERTEX_POINT('',#2237);
#679=VERTEX_POINT('',#2241);
#680=VERTEX_POINT('',#2245);
#681=VERTEX_POINT('',#2249);
#682=VERTEX_POINT('',#2251);
#683=VERTEX_POINT('',#2255);
#684=VERTEX_POINT('',#2256);
#685=VERTEX_POINT('',#2258);
#686=VERTEX_POINT('',#2260);
#687=VERTEX_POINT('',#2263);
#688=VERTEX_POINT('',#2266);
#689=VERTEX_POINT('',#2270);
#690=VERTEX_POINT('',#2272);
#691=VERTEX_POINT('',#2282);
#692=VERTEX_POINT('',#2284);
#693=VERTEX_POINT('',#2296);
#694=VERTEX_POINT('',#2298);
#695=EDGE_CURVE('',#571,#572,#287,.T.);
#696=EDGE_CURVE('',#573,#571,#288,.T.);
#697=EDGE_CURVE('',#574,#573,#289,.T.);
#698=EDGE_CURVE('',#572,#574,#290,.T.);
#699=EDGE_CURVE('',#575,#576,#291,.T.);
#700=EDGE_CURVE('',#577,#575,#292,.T.);
#701=EDGE_CURVE('',#578,#577,#293,.T.);
#702=EDGE_CURVE('',#576,#578,#294,.T.);
#703=EDGE_CURVE('',#579,#572,#295,.T.);
#704=EDGE_CURVE('',#574,#580,#296,.T.);
#705=EDGE_CURVE('',#579,#580,#297,.T.);
#706=EDGE_CURVE('',#581,#579,#298,.T.);
#707=EDGE_CURVE('',#581,#571,#299,.T.);
#708=EDGE_CURVE('',#582,#580,#300,.T.);
#709=EDGE_CURVE('',#582,#581,#301,.T.);
#710=EDGE_CURVE('',#582,#573,#302,.T.);
#711=EDGE_CURVE('',#583,#583,#17,.T.);
#712=EDGE_CURVE('',#583,#584,#303,.T.);
#713=EDGE_CURVE('',#584,#584,#18,.T.);
#714=EDGE_CURVE('',#585,#585,#19,.T.);
#715=EDGE_CURVE('',#585,#586,#304,.T.);
#716=EDGE_CURVE('',#586,#586,#20,.T.);
#717=EDGE_CURVE('',#578,#587,#305,.T.);
#718=EDGE_CURVE('',#587,#588,#306,.T.);
#719=EDGE_CURVE('',#588,#576,#307,.T.);
#720=EDGE_CURVE('',#589,#590,#308,.T.);
#721=EDGE_CURVE('',#589,#591,#309,.T.);
#722=EDGE_CURVE('',#592,#591,#310,.T.);
#723=EDGE_CURVE('',#590,#592,#311,.T.);
#724=EDGE_CURVE('',#593,#588,#312,.T.);
#725=EDGE_CURVE('',#593,#575,#313,.T.);
#726=EDGE_CURVE('',#594,#592,#314,.T.);
#727=EDGE_CURVE('',#591,#595,#315,.T.);
#728=EDGE_CURVE('',#595,#594,#316,.T.);
#729=EDGE_CURVE('',#587,#596,#317,.T.);
#730=EDGE_CURVE('',#596,#593,#318,.T.);
#731=EDGE_CURVE('',#597,#598,#319,.T.);
#732=EDGE_CURVE('',#597,#594,#320,.T.);
#733=EDGE_CURVE('',#598,#595,#321,.T.);
#734=EDGE_CURVE('',#598,#589,#322,.T.);
#735=EDGE_CURVE('',#590,#597,#323,.T.);
#736=EDGE_CURVE('',#599,#599,#21,.T.);
#737=EDGE_CURVE('',#600,#600,#22,.T.);
#738=EDGE_CURVE('',#601,#601,#23,.T.);
#739=EDGE_CURVE('',#602,#602,#24,.T.);
#740=EDGE_CURVE('',#596,#577,#324,.T.);
#741=EDGE_CURVE('',#603,#603,#25,.T.);
#742=EDGE_CURVE('',#603,#604,#325,.T.);
#743=EDGE_CURVE('',#604,#604,#26,.T.);
#744=EDGE_CURVE('',#605,#605,#27,.T.);
#745=EDGE_CURVE('',#605,#606,#326,.T.);
#746=EDGE_CURVE('',#606,#606,#28,.T.);
#747=EDGE_CURVE('',#607,#607,#29,.T.);
#748=EDGE_CURVE('',#607,#608,#327,.T.);
#749=EDGE_CURVE('',#608,#608,#30,.F.);
#750=EDGE_CURVE('',#609,#609,#31,.T.);
#751=EDGE_CURVE('',#609,#602,#328,.T.);
#752=EDGE_CURVE('',#610,#610,#32,.T.);
#753=EDGE_CURVE('',#610,#601,#329,.T.);
#754=EDGE_CURVE('',#611,#611,#33,.T.);
#755=EDGE_CURVE('',#611,#600,#330,.T.);
#756=EDGE_CURVE('',#612,#612,#34,.T.);
#757=EDGE_CURVE('',#612,#613,#331,.T.);
#758=EDGE_CURVE('',#613,#613,#35,.T.);
#759=EDGE_CURVE('',#614,#614,#36,.T.);
#760=EDGE_CURVE('',#614,#599,#332,.T.);
#761=EDGE_CURVE('',#615,#616,#333,.T.);
#762=EDGE_CURVE('',#617,#615,#334,.T.);
#763=EDGE_CURVE('',#618,#617,#335,.T.);
#764=EDGE_CURVE('',#616,#618,#336,.T.);
#765=EDGE_CURVE('',#617,#619,#337,.T.);
#766=EDGE_CURVE('',#619,#620,#338,.T.);
#767=EDGE_CURVE('',#620,#618,#339,.T.);
#768=EDGE_CURVE('',#621,#622,#340,.T.);
#769=EDGE_CURVE('',#623,#622,#341,.T.);
#770=EDGE_CURVE('',#623,#624,#342,.T.);
#771=EDGE_CURVE('',#624,#621,#343,.T.);
#772=EDGE_CURVE('',#625,#625,#37,.T.);
#773=EDGE_CURVE('',#626,#626,#38,.T.);
#774=EDGE_CURVE('',#615,#627,#344,.T.);
#775=EDGE_CURVE('',#627,#628,#345,.T.);
#776=EDGE_CURVE('',#628,#629,#346,.T.);
#777=EDGE_CURVE('',#629,#630,#347,.T.);
#778=EDGE_CURVE('',#630,#631,#348,.T.);
#779=EDGE_CURVE('',#631,#632,#349,.T.);
#780=EDGE_CURVE('',#632,#633,#350,.T.);
#781=EDGE_CURVE('',#633,#634,#351,.T.);
#782=EDGE_CURVE('',#634,#635,#352,.T.);
#783=EDGE_CURVE('',#635,#619,#353,.T.);
#784=EDGE_CURVE('',#636,#637,#354,.T.);
#785=EDGE_CURVE('',#637,#638,#355,.T.);
#786=EDGE_CURVE('',#638,#639,#39,.T.);
#787=EDGE_CURVE('',#639,#640,#356,.T.);
#788=EDGE_CURVE('',#640,#641,#40,.T.);
#789=EDGE_CURVE('',#641,#642,#357,.T.);
#790=EDGE_CURVE('',#642,#643,#358,.T.);
#791=EDGE_CURVE('',#643,#644,#41,.T.);
#792=EDGE_CURVE('',#644,#645,#359,.T.);
#793=EDGE_CURVE('',#645,#646,#42,.T.);
#794=EDGE_CURVE('',#646,#647,#360,.T.);
#795=EDGE_CURVE('',#647,#648,#361,.T.);
#796=EDGE_CURVE('',#648,#649,#43,.T.);
#797=EDGE_CURVE('',#649,#650,#362,.T.);
#798=EDGE_CURVE('',#650,#651,#44,.T.);
#799=EDGE_CURVE('',#651,#652,#363,.T.);
#800=EDGE_CURVE('',#652,#653,#364,.T.);
#801=EDGE_CURVE('',#653,#654,#45,.T.);
#802=EDGE_CURVE('',#654,#655,#365,.T.);
#803=EDGE_CURVE('',#655,#636,#46,.T.);
#804=EDGE_CURVE('',#656,#646,#366,.T.);
#805=EDGE_CURVE('',#657,#656,#367,.T.);
#806=EDGE_CURVE('',#657,#647,#368,.T.);
#807=EDGE_CURVE('',#658,#657,#369,.T.);
#808=EDGE_CURVE('',#658,#648,#370,.T.);
#809=EDGE_CURVE('',#659,#658,#47,.T.);
#810=EDGE_CURVE('',#659,#649,#371,.T.);
#811=EDGE_CURVE('',#660,#659,#372,.T.);
#812=EDGE_CURVE('',#660,#650,#373,.T.);
#813=EDGE_CURVE('',#661,#660,#48,.T.);
#814=EDGE_CURVE('',#661,#651,#374,.T.);
#815=EDGE_CURVE('',#662,#661,#375,.T.);
#816=EDGE_CURVE('',#662,#652,#376,.T.);
#817=EDGE_CURVE('',#663,#662,#377,.T.);
#818=EDGE_CURVE('',#663,#653,#378,.T.);
#819=EDGE_CURVE('',#664,#663,#49,.T.);
#820=EDGE_CURVE('',#664,#654,#379,.T.);
#821=EDGE_CURVE('',#665,#664,#380,.T.);
#822=EDGE_CURVE('',#665,#655,#381,.T.);
#823=EDGE_CURVE('',#666,#665,#50,.T.);
#824=EDGE_CURVE('',#666,#636,#382,.T.);
#825=EDGE_CURVE('',#667,#666,#383,.T.);
#826=EDGE_CURVE('',#667,#637,#384,.T.);
#827=EDGE_CURVE('',#668,#667,#385,.T.);
#828=EDGE_CURVE('',#668,#638,#386,.T.);
#829=EDGE_CURVE('',#669,#668,#51,.T.);
#830=EDGE_CURVE('',#669,#639,#387,.T.);
#831=EDGE_CURVE('',#670,#669,#388,.T.);
#832=EDGE_CURVE('',#670,#640,#389,.T.);
#833=EDGE_CURVE('',#671,#670,#52,.T.);
#834=EDGE_CURVE('',#671,#641,#390,.T.);
#835=EDGE_CURVE('',#672,#671,#391,.T.);
#836=EDGE_CURVE('',#672,#642,#392,.T.);
#837=EDGE_CURVE('',#673,#672,#393,.T.);
#838=EDGE_CURVE('',#673,#643,#394,.T.);
#839=EDGE_CURVE('',#674,#673,#53,.T.);
#840=EDGE_CURVE('',#674,#644,#395,.T.);
#841=EDGE_CURVE('',#675,#674,#396,.T.);
#842=EDGE_CURVE('',#675,#645,#397,.T.);
#843=EDGE_CURVE('',#656,#675,#54,.T.);
#844=EDGE_CURVE('',#676,#627,#398,.T.);
#845=EDGE_CURVE('',#677,#676,#399,.T.);
#846=EDGE_CURVE('',#628,#677,#400,.T.);
#847=EDGE_CURVE('',#678,#635,#401,.T.);
#848=EDGE_CURVE('',#678,#620,#402,.T.);
#849=EDGE_CURVE('',#634,#679,#403,.T.);
#850=EDGE_CURVE('',#678,#679,#404,.T.);
#851=EDGE_CURVE('',#680,#677,#405,.T.);
#852=EDGE_CURVE('',#629,#680,#406,.T.);
#853=EDGE_CURVE('',#632,#681,#407,.T.);
#854=EDGE_CURVE('',#682,#631,#408,.T.);
#855=EDGE_CURVE('',#681,#682,#409,.T.);
#856=EDGE_CURVE('',#683,#684,#410,.T.);
#857=EDGE_CURVE('',#685,#684,#411,.T.);
#858=EDGE_CURVE('',#685,#686,#412,.T.);
#859=EDGE_CURVE('',#686,#683,#413,.T.);
#860=EDGE_CURVE('',#679,#687,#414,.T.);
#861=EDGE_CURVE('',#687,#681,#415,.T.);
#862=EDGE_CURVE('',#682,#688,#416,.T.);
#863=EDGE_CURVE('',#688,#680,#417,.T.);
#864=EDGE_CURVE('',#676,#616,#418,.T.);
#865=EDGE_CURVE('',#689,#689,#55,.T.);
#866=EDGE_CURVE('',#690,#690,#56,.T.);
#867=EDGE_CURVE('',#630,#688,#419,.T.);
#868=EDGE_CURVE('',#687,#633,#420,.T.);
#869=EDGE_CURVE('',#691,#691,#57,.T.);
#870=EDGE_CURVE('',#692,#692,#58,.T.);
#871=EDGE_CURVE('',#689,#691,#421,.T.);
#872=EDGE_CURVE('',#692,#625,#422,.T.);
#873=EDGE_CURVE('',#622,#683,#423,.T.);
#874=EDGE_CURVE('',#684,#621,#424,.T.);
#875=EDGE_CURVE('',#624,#685,#425,.T.);
#876=EDGE_CURVE('',#693,#693,#59,.T.);
#877=EDGE_CURVE('',#694,#694,#60,.T.);
#878=EDGE_CURVE('',#690,#693,#426,.T.);
#879=EDGE_CURVE('',#694,#626,#427,.T.);
#880=EDGE_CURVE('',#623,#686,#428,.T.);
#881=ORIENTED_EDGE('',*,*,#695,.F.);
#882=ORIENTED_EDGE('',*,*,#696,.F.);
#883=ORIENTED_EDGE('',*,*,#697,.F.);
#884=ORIENTED_EDGE('',*,*,#698,.F.);
#885=ORIENTED_EDGE('',*,*,#699,.F.);
#886=ORIENTED_EDGE('',*,*,#700,.F.);
#887=ORIENTED_EDGE('',*,*,#701,.F.);
#888=ORIENTED_EDGE('',*,*,#702,.F.);
#889=ORIENTED_EDGE('',*,*,#703,.T.);
#890=ORIENTED_EDGE('',*,*,#698,.T.);
#891=ORIENTED_EDGE('',*,*,#704,.T.);
#892=ORIENTED_EDGE('',*,*,#705,.F.);
#893=ORIENTED_EDGE('',*,*,#706,.F.);
#894=ORIENTED_EDGE('',*,*,#707,.T.);
#895=ORIENTED_EDGE('',*,*,#695,.T.);
#896=ORIENTED_EDGE('',*,*,#703,.F.);
#897=ORIENTED_EDGE('',*,*,#706,.T.);
#898=ORIENTED_EDGE('',*,*,#705,.T.);
#899=ORIENTED_EDGE('',*,*,#708,.F.);
#900=ORIENTED_EDGE('',*,*,#709,.T.);
#901=ORIENTED_EDGE('',*,*,#708,.T.);
#902=ORIENTED_EDGE('',*,*,#704,.F.);
#903=ORIENTED_EDGE('',*,*,#697,.T.);
#904=ORIENTED_EDGE('',*,*,#710,.F.);
#905=ORIENTED_EDGE('',*,*,#711,.F.);
#906=ORIENTED_EDGE('',*,*,#712,.T.);
#907=ORIENTED_EDGE('',*,*,#713,.T.);
#908=ORIENTED_EDGE('',*,*,#712,.F.);
#909=ORIENTED_EDGE('',*,*,#713,.F.);
#910=ORIENTED_EDGE('',*,*,#714,.F.);
#911=ORIENTED_EDGE('',*,*,#715,.T.);
#912=ORIENTED_EDGE('',*,*,#716,.T.);
#913=ORIENTED_EDGE('',*,*,#715,.F.);
#914=ORIENTED_EDGE('',*,*,#716,.F.);
#915=ORIENTED_EDGE('',*,*,#717,.T.);
#916=ORIENTED_EDGE('',*,*,#718,.T.);
#917=ORIENTED_EDGE('',*,*,#719,.T.);
#918=ORIENTED_EDGE('',*,*,#702,.T.);
#919=ORIENTED_EDGE('',*,*,#720,.F.);
#920=ORIENTED_EDGE('',*,*,#721,.T.);
#921=ORIENTED_EDGE('',*,*,#722,.F.);
#922=ORIENTED_EDGE('',*,*,#723,.F.);
#923=ORIENTED_EDGE('',*,*,#724,.F.);
#924=ORIENTED_EDGE('',*,*,#725,.T.);
#925=ORIENTED_EDGE('',*,*,#699,.T.);
#926=ORIENTED_EDGE('',*,*,#719,.F.);
#927=ORIENTED_EDGE('',*,*,#711,.T.);
#928=ORIENTED_EDGE('',*,*,#714,.T.);
#929=ORIENTED_EDGE('',*,*,#726,.T.);
#930=ORIENTED_EDGE('',*,*,#722,.T.);
#931=ORIENTED_EDGE('',*,*,#727,.T.);
#932=ORIENTED_EDGE('',*,*,#728,.T.);
#933=ORIENTED_EDGE('',*,*,#729,.T.);
#934=ORIENTED_EDGE('',*,*,#730,.T.);
#935=ORIENTED_EDGE('',*,*,#724,.T.);
#936=ORIENTED_EDGE('',*,*,#718,.F.);
#937=ORIENTED_EDGE('',*,*,#731,.F.);
#938=ORIENTED_EDGE('',*,*,#732,.T.);
#939=ORIENTED_EDGE('',*,*,#728,.F.);
#940=ORIENTED_EDGE('',*,*,#733,.F.);
#941=ORIENTED_EDGE('',*,*,#707,.F.);
#942=ORIENTED_EDGE('',*,*,#709,.F.);
#943=ORIENTED_EDGE('',*,*,#710,.T.);
#944=ORIENTED_EDGE('',*,*,#696,.T.);
#945=ORIENTED_EDGE('',*,*,#734,.F.);
#946=ORIENTED_EDGE('',*,*,#733,.T.);
#947=ORIENTED_EDGE('',*,*,#727,.F.);
#948=ORIENTED_EDGE('',*,*,#721,.F.);
#949=ORIENTED_EDGE('',*,*,#735,.F.);
#950=ORIENTED_EDGE('',*,*,#723,.T.);
#951=ORIENTED_EDGE('',*,*,#726,.F.);
#952=ORIENTED_EDGE('',*,*,#732,.F.);
#953=ORIENTED_EDGE('',*,*,#731,.T.);
#954=ORIENTED_EDGE('',*,*,#734,.T.);
#955=ORIENTED_EDGE('',*,*,#720,.T.);
#956=ORIENTED_EDGE('',*,*,#735,.T.);
#957=ORIENTED_EDGE('',*,*,#736,.T.);
#958=ORIENTED_EDGE('',*,*,#737,.T.);
#959=ORIENTED_EDGE('',*,*,#738,.T.);
#960=ORIENTED_EDGE('',*,*,#739,.T.);
#961=ORIENTED_EDGE('',*,*,#740,.T.);
#962=ORIENTED_EDGE('',*,*,#700,.T.);
#963=ORIENTED_EDGE('',*,*,#725,.F.);
#964=ORIENTED_EDGE('',*,*,#730,.F.);
#965=ORIENTED_EDGE('',*,*,#741,.F.);
#966=ORIENTED_EDGE('',*,*,#742,.T.);
#967=ORIENTED_EDGE('',*,*,#743,.T.);
#968=ORIENTED_EDGE('',*,*,#742,.F.);
#969=ORIENTED_EDGE('',*,*,#743,.F.);
#970=ORIENTED_EDGE('',*,*,#744,.F.);
#971=ORIENTED_EDGE('',*,*,#745,.T.);
#972=ORIENTED_EDGE('',*,*,#746,.T.);
#973=ORIENTED_EDGE('',*,*,#745,.F.);
#974=ORIENTED_EDGE('',*,*,#746,.F.);
#975=ORIENTED_EDGE('',*,*,#747,.F.);
#976=ORIENTED_EDGE('',*,*,#748,.T.);
#977=ORIENTED_EDGE('',*,*,#749,.T.);
#978=ORIENTED_EDGE('',*,*,#748,.F.);
#979=ORIENTED_EDGE('',*,*,#749,.F.);
#980=ORIENTED_EDGE('',*,*,#750,.F.);
#981=ORIENTED_EDGE('',*,*,#751,.T.);
#982=ORIENTED_EDGE('',*,*,#739,.F.);
#983=ORIENTED_EDGE('',*,*,#751,.F.);
#984=ORIENTED_EDGE('',*,*,#750,.T.);
#985=ORIENTED_EDGE('',*,*,#744,.T.);
#986=ORIENTED_EDGE('',*,*,#752,.F.);
#987=ORIENTED_EDGE('',*,*,#753,.T.);
#988=ORIENTED_EDGE('',*,*,#738,.F.);
#989=ORIENTED_EDGE('',*,*,#753,.F.);
#990=ORIENTED_EDGE('',*,*,#752,.T.);
#991=ORIENTED_EDGE('',*,*,#741,.T.);
#992=ORIENTED_EDGE('',*,*,#754,.F.);
#993=ORIENTED_EDGE('',*,*,#755,.T.);
#994=ORIENTED_EDGE('',*,*,#737,.F.);
#995=ORIENTED_EDGE('',*,*,#755,.F.);
#996=ORIENTED_EDGE('',*,*,#754,.T.);
#997=ORIENTED_EDGE('',*,*,#747,.T.);
#998=ORIENTED_EDGE('',*,*,#756,.F.);
#999=ORIENTED_EDGE('',*,*,#757,.T.);
#1000=ORIENTED_EDGE('',*,*,#758,.T.);
#1001=ORIENTED_EDGE('',*,*,#757,.F.);
#1002=ORIENTED_EDGE('',*,*,#758,.F.);
#1003=ORIENTED_EDGE('',*,*,#759,.T.);
#1004=ORIENTED_EDGE('',*,*,#756,.T.);
#1005=ORIENTED_EDGE('',*,*,#759,.F.);
#1006=ORIENTED_EDGE('',*,*,#760,.T.);
#1007=ORIENTED_EDGE('',*,*,#736,.F.);
#1008=ORIENTED_EDGE('',*,*,#760,.F.);
#1009=ORIENTED_EDGE('',*,*,#701,.T.);
#1010=ORIENTED_EDGE('',*,*,#740,.F.);
#1011=ORIENTED_EDGE('',*,*,#729,.F.);
#1012=ORIENTED_EDGE('',*,*,#717,.F.);
#1013=ORIENTED_EDGE('',*,*,#761,.F.);
#1014=ORIENTED_EDGE('',*,*,#762,.F.);
#1015=ORIENTED_EDGE('',*,*,#763,.F.);
#1016=ORIENTED_EDGE('',*,*,#764,.F.);
#1017=ORIENTED_EDGE('',*,*,#763,.T.);
#1018=ORIENTED_EDGE('',*,*,#765,.T.);
#1019=ORIENTED_EDGE('',*,*,#766,.T.);
#1020=ORIENTED_EDGE('',*,*,#767,.T.);
#1021=ORIENTED_EDGE('',*,*,#768,.T.);
#1022=ORIENTED_EDGE('',*,*,#769,.F.);
#1023=ORIENTED_EDGE('',*,*,#770,.T.);
#1024=ORIENTED_EDGE('',*,*,#771,.T.);
#1025=ORIENTED_EDGE('',*,*,#772,.T.);
#1026=ORIENTED_EDGE('',*,*,#773,.T.);
#1027=ORIENTED_EDGE('',*,*,#762,.T.);
#1028=ORIENTED_EDGE('',*,*,#774,.T.);
#1029=ORIENTED_EDGE('',*,*,#775,.T.);
#1030=ORIENTED_EDGE('',*,*,#776,.T.);
#1031=ORIENTED_EDGE('',*,*,#777,.T.);
#1032=ORIENTED_EDGE('',*,*,#778,.T.);
#1033=ORIENTED_EDGE('',*,*,#779,.T.);
#1034=ORIENTED_EDGE('',*,*,#780,.T.);
#1035=ORIENTED_EDGE('',*,*,#781,.T.);
#1036=ORIENTED_EDGE('',*,*,#782,.T.);
#1037=ORIENTED_EDGE('',*,*,#783,.T.);
#1038=ORIENTED_EDGE('',*,*,#765,.F.);
#1039=ORIENTED_EDGE('',*,*,#784,.T.);
#1040=ORIENTED_EDGE('',*,*,#785,.T.);
#1041=ORIENTED_EDGE('',*,*,#786,.T.);
#1042=ORIENTED_EDGE('',*,*,#787,.T.);
#1043=ORIENTED_EDGE('',*,*,#788,.T.);
#1044=ORIENTED_EDGE('',*,*,#789,.T.);
#1045=ORIENTED_EDGE('',*,*,#790,.T.);
#1046=ORIENTED_EDGE('',*,*,#791,.T.);
#1047=ORIENTED_EDGE('',*,*,#792,.T.);
#1048=ORIENTED_EDGE('',*,*,#793,.T.);
#1049=ORIENTED_EDGE('',*,*,#794,.T.);
#1050=ORIENTED_EDGE('',*,*,#795,.T.);
#1051=ORIENTED_EDGE('',*,*,#796,.T.);
#1052=ORIENTED_EDGE('',*,*,#797,.T.);
#1053=ORIENTED_EDGE('',*,*,#798,.T.);
#1054=ORIENTED_EDGE('',*,*,#799,.T.);
#1055=ORIENTED_EDGE('',*,*,#800,.T.);
#1056=ORIENTED_EDGE('',*,*,#801,.T.);
#1057=ORIENTED_EDGE('',*,*,#802,.T.);
#1058=ORIENTED_EDGE('',*,*,#803,.T.);
#1059=ORIENTED_EDGE('',*,*,#794,.F.);
#1060=ORIENTED_EDGE('',*,*,#804,.F.);
#1061=ORIENTED_EDGE('',*,*,#805,.F.);
#1062=ORIENTED_EDGE('',*,*,#806,.T.);
#1063=ORIENTED_EDGE('',*,*,#795,.F.);
#1064=ORIENTED_EDGE('',*,*,#806,.F.);
#1065=ORIENTED_EDGE('',*,*,#807,.F.);
#1066=ORIENTED_EDGE('',*,*,#808,.T.);
#1067=ORIENTED_EDGE('',*,*,#796,.F.);
#1068=ORIENTED_EDGE('',*,*,#808,.F.);
#1069=ORIENTED_EDGE('',*,*,#809,.F.);
#1070=ORIENTED_EDGE('',*,*,#810,.T.);
#1071=ORIENTED_EDGE('',*,*,#797,.F.);
#1072=ORIENTED_EDGE('',*,*,#810,.F.);
#1073=ORIENTED_EDGE('',*,*,#811,.F.);
#1074=ORIENTED_EDGE('',*,*,#812,.T.);
#1075=ORIENTED_EDGE('',*,*,#798,.F.);
#1076=ORIENTED_EDGE('',*,*,#812,.F.);
#1077=ORIENTED_EDGE('',*,*,#813,.F.);
#1078=ORIENTED_EDGE('',*,*,#814,.T.);
#1079=ORIENTED_EDGE('',*,*,#799,.F.);
#1080=ORIENTED_EDGE('',*,*,#814,.F.);
#1081=ORIENTED_EDGE('',*,*,#815,.F.);
#1082=ORIENTED_EDGE('',*,*,#816,.T.);
#1083=ORIENTED_EDGE('',*,*,#800,.F.);
#1084=ORIENTED_EDGE('',*,*,#816,.F.);
#1085=ORIENTED_EDGE('',*,*,#817,.F.);
#1086=ORIENTED_EDGE('',*,*,#818,.T.);
#1087=ORIENTED_EDGE('',*,*,#801,.F.);
#1088=ORIENTED_EDGE('',*,*,#818,.F.);
#1089=ORIENTED_EDGE('',*,*,#819,.F.);
#1090=ORIENTED_EDGE('',*,*,#820,.T.);
#1091=ORIENTED_EDGE('',*,*,#802,.F.);
#1092=ORIENTED_EDGE('',*,*,#820,.F.);
#1093=ORIENTED_EDGE('',*,*,#821,.F.);
#1094=ORIENTED_EDGE('',*,*,#822,.T.);
#1095=ORIENTED_EDGE('',*,*,#803,.F.);
#1096=ORIENTED_EDGE('',*,*,#822,.F.);
#1097=ORIENTED_EDGE('',*,*,#823,.F.);
#1098=ORIENTED_EDGE('',*,*,#824,.T.);
#1099=ORIENTED_EDGE('',*,*,#784,.F.);
#1100=ORIENTED_EDGE('',*,*,#824,.F.);
#1101=ORIENTED_EDGE('',*,*,#825,.F.);
#1102=ORIENTED_EDGE('',*,*,#826,.T.);
#1103=ORIENTED_EDGE('',*,*,#785,.F.);
#1104=ORIENTED_EDGE('',*,*,#826,.F.);
#1105=ORIENTED_EDGE('',*,*,#827,.F.);
#1106=ORIENTED_EDGE('',*,*,#828,.T.);
#1107=ORIENTED_EDGE('',*,*,#786,.F.);
#1108=ORIENTED_EDGE('',*,*,#828,.F.);
#1109=ORIENTED_EDGE('',*,*,#829,.F.);
#1110=ORIENTED_EDGE('',*,*,#830,.T.);
#1111=ORIENTED_EDGE('',*,*,#787,.F.);
#1112=ORIENTED_EDGE('',*,*,#830,.F.);
#1113=ORIENTED_EDGE('',*,*,#831,.F.);
#1114=ORIENTED_EDGE('',*,*,#832,.T.);
#1115=ORIENTED_EDGE('',*,*,#788,.F.);
#1116=ORIENTED_EDGE('',*,*,#832,.F.);
#1117=ORIENTED_EDGE('',*,*,#833,.F.);
#1118=ORIENTED_EDGE('',*,*,#834,.T.);
#1119=ORIENTED_EDGE('',*,*,#789,.F.);
#1120=ORIENTED_EDGE('',*,*,#834,.F.);
#1121=ORIENTED_EDGE('',*,*,#835,.F.);
#1122=ORIENTED_EDGE('',*,*,#836,.T.);
#1123=ORIENTED_EDGE('',*,*,#790,.F.);
#1124=ORIENTED_EDGE('',*,*,#836,.F.);
#1125=ORIENTED_EDGE('',*,*,#837,.F.);
#1126=ORIENTED_EDGE('',*,*,#838,.T.);
#1127=ORIENTED_EDGE('',*,*,#791,.F.);
#1128=ORIENTED_EDGE('',*,*,#838,.F.);
#1129=ORIENTED_EDGE('',*,*,#839,.F.);
#1130=ORIENTED_EDGE('',*,*,#840,.T.);
#1131=ORIENTED_EDGE('',*,*,#792,.F.);
#1132=ORIENTED_EDGE('',*,*,#840,.F.);
#1133=ORIENTED_EDGE('',*,*,#841,.F.);
#1134=ORIENTED_EDGE('',*,*,#842,.T.);
#1135=ORIENTED_EDGE('',*,*,#793,.F.);
#1136=ORIENTED_EDGE('',*,*,#842,.F.);
#1137=ORIENTED_EDGE('',*,*,#843,.F.);
#1138=ORIENTED_EDGE('',*,*,#804,.T.);
#1139=ORIENTED_EDGE('',*,*,#775,.F.);
#1140=ORIENTED_EDGE('',*,*,#844,.F.);
#1141=ORIENTED_EDGE('',*,*,#845,.F.);
#1142=ORIENTED_EDGE('',*,*,#846,.F.);
#1143=ORIENTED_EDGE('',*,*,#847,.F.);
#1144=ORIENTED_EDGE('',*,*,#848,.T.);
#1145=ORIENTED_EDGE('',*,*,#766,.F.);
#1146=ORIENTED_EDGE('',*,*,#783,.F.);
#1147=ORIENTED_EDGE('',*,*,#847,.T.);
#1148=ORIENTED_EDGE('',*,*,#782,.F.);
#1149=ORIENTED_EDGE('',*,*,#849,.T.);
#1150=ORIENTED_EDGE('',*,*,#850,.F.);
#1151=ORIENTED_EDGE('',*,*,#776,.F.);
#1152=ORIENTED_EDGE('',*,*,#846,.T.);
#1153=ORIENTED_EDGE('',*,*,#851,.F.);
#1154=ORIENTED_EDGE('',*,*,#852,.F.);
#1155=ORIENTED_EDGE('',*,*,#853,.F.);
#1156=ORIENTED_EDGE('',*,*,#779,.F.);
#1157=ORIENTED_EDGE('',*,*,#854,.F.);
#1158=ORIENTED_EDGE('',*,*,#855,.F.);
#1159=ORIENTED_EDGE('',*,*,#856,.T.);
#1160=ORIENTED_EDGE('',*,*,#857,.F.);
#1161=ORIENTED_EDGE('',*,*,#858,.T.);
#1162=ORIENTED_EDGE('',*,*,#859,.T.);
#1163=ORIENTED_EDGE('',*,*,#764,.T.);
#1164=ORIENTED_EDGE('',*,*,#767,.F.);
#1165=ORIENTED_EDGE('',*,*,#848,.F.);
#1166=ORIENTED_EDGE('',*,*,#850,.T.);
#1167=ORIENTED_EDGE('',*,*,#860,.T.);
#1168=ORIENTED_EDGE('',*,*,#861,.T.);
#1169=ORIENTED_EDGE('',*,*,#855,.T.);
#1170=ORIENTED_EDGE('',*,*,#862,.T.);
#1171=ORIENTED_EDGE('',*,*,#863,.T.);
#1172=ORIENTED_EDGE('',*,*,#851,.T.);
#1173=ORIENTED_EDGE('',*,*,#845,.T.);
#1174=ORIENTED_EDGE('',*,*,#864,.T.);
#1175=ORIENTED_EDGE('',*,*,#825,.T.);
#1176=ORIENTED_EDGE('',*,*,#823,.T.);
#1177=ORIENTED_EDGE('',*,*,#821,.T.);
#1178=ORIENTED_EDGE('',*,*,#819,.T.);
#1179=ORIENTED_EDGE('',*,*,#817,.T.);
#1180=ORIENTED_EDGE('',*,*,#815,.T.);
#1181=ORIENTED_EDGE('',*,*,#813,.T.);
#1182=ORIENTED_EDGE('',*,*,#811,.T.);
#1183=ORIENTED_EDGE('',*,*,#809,.T.);
#1184=ORIENTED_EDGE('',*,*,#807,.T.);
#1185=ORIENTED_EDGE('',*,*,#805,.T.);
#1186=ORIENTED_EDGE('',*,*,#843,.T.);
#1187=ORIENTED_EDGE('',*,*,#841,.T.);
#1188=ORIENTED_EDGE('',*,*,#839,.T.);
#1189=ORIENTED_EDGE('',*,*,#837,.T.);
#1190=ORIENTED_EDGE('',*,*,#835,.T.);
#1191=ORIENTED_EDGE('',*,*,#833,.T.);
#1192=ORIENTED_EDGE('',*,*,#831,.T.);
#1193=ORIENTED_EDGE('',*,*,#829,.T.);
#1194=ORIENTED_EDGE('',*,*,#827,.T.);
#1195=ORIENTED_EDGE('',*,*,#865,.T.);
#1196=ORIENTED_EDGE('',*,*,#866,.T.);
#1197=ORIENTED_EDGE('',*,*,#854,.T.);
#1198=ORIENTED_EDGE('',*,*,#778,.F.);
#1199=ORIENTED_EDGE('',*,*,#867,.T.);
#1200=ORIENTED_EDGE('',*,*,#862,.F.);
#1201=ORIENTED_EDGE('',*,*,#853,.T.);
#1202=ORIENTED_EDGE('',*,*,#861,.F.);
#1203=ORIENTED_EDGE('',*,*,#868,.T.);
#1204=ORIENTED_EDGE('',*,*,#780,.F.);
#1205=ORIENTED_EDGE('',*,*,#868,.F.);
#1206=ORIENTED_EDGE('',*,*,#860,.F.);
#1207=ORIENTED_EDGE('',*,*,#849,.F.);
#1208=ORIENTED_EDGE('',*,*,#781,.F.);
#1209=ORIENTED_EDGE('',*,*,#867,.F.);
#1210=ORIENTED_EDGE('',*,*,#777,.F.);
#1211=ORIENTED_EDGE('',*,*,#852,.T.);
#1212=ORIENTED_EDGE('',*,*,#863,.F.);
#1213=ORIENTED_EDGE('',*,*,#864,.F.);
#1214=ORIENTED_EDGE('',*,*,#844,.T.);
#1215=ORIENTED_EDGE('',*,*,#774,.F.);
#1216=ORIENTED_EDGE('',*,*,#761,.T.);
#1217=ORIENTED_EDGE('',*,*,#869,.F.);
#1218=ORIENTED_EDGE('',*,*,#870,.T.);
#1219=ORIENTED_EDGE('',*,*,#865,.F.);
#1220=ORIENTED_EDGE('',*,*,#871,.T.);
#1221=ORIENTED_EDGE('',*,*,#869,.T.);
#1222=ORIENTED_EDGE('',*,*,#871,.F.);
#1223=ORIENTED_EDGE('',*,*,#870,.F.);
#1224=ORIENTED_EDGE('',*,*,#872,.T.);
#1225=ORIENTED_EDGE('',*,*,#772,.F.);
#1226=ORIENTED_EDGE('',*,*,#872,.F.);
#1227=ORIENTED_EDGE('',*,*,#873,.F.);
#1228=ORIENTED_EDGE('',*,*,#768,.F.);
#1229=ORIENTED_EDGE('',*,*,#874,.F.);
#1230=ORIENTED_EDGE('',*,*,#856,.F.);
#1231=ORIENTED_EDGE('',*,*,#874,.T.);
#1232=ORIENTED_EDGE('',*,*,#771,.F.);
#1233=ORIENTED_EDGE('',*,*,#875,.T.);
#1234=ORIENTED_EDGE('',*,*,#857,.T.);
#1235=ORIENTED_EDGE('',*,*,#876,.F.);
#1236=ORIENTED_EDGE('',*,*,#877,.T.);
#1237=ORIENTED_EDGE('',*,*,#866,.F.);
#1238=ORIENTED_EDGE('',*,*,#878,.T.);
#1239=ORIENTED_EDGE('',*,*,#876,.T.);
#1240=ORIENTED_EDGE('',*,*,#878,.F.);
#1241=ORIENTED_EDGE('',*,*,#877,.F.);
#1242=ORIENTED_EDGE('',*,*,#879,.T.);
#1243=ORIENTED_EDGE('',*,*,#773,.F.);
#1244=ORIENTED_EDGE('',*,*,#879,.F.);
#1245=ORIENTED_EDGE('',*,*,#873,.T.);
#1246=ORIENTED_EDGE('',*,*,#859,.F.);
#1247=ORIENTED_EDGE('',*,*,#880,.F.);
#1248=ORIENTED_EDGE('',*,*,#769,.T.);
#1249=ORIENTED_EDGE('',*,*,#880,.T.);
#1250=ORIENTED_EDGE('',*,*,#858,.F.);
#1251=ORIENTED_EDGE('',*,*,#875,.F.);
#1252=ORIENTED_EDGE('',*,*,#770,.F.);
#1253=PLANE('',#1404);
#1254=PLANE('',#1405);
#1255=PLANE('',#1406);
#1256=PLANE('',#1407);
#1257=PLANE('',#1408);
#1258=PLANE('',#1412);
#1259=PLANE('',#1416);
#1260=PLANE('',#1417);
#1261=PLANE('',#1418);
#1262=PLANE('',#1419);
#1263=PLANE('',#1420);
#1264=PLANE('',#1421);
#1265=PLANE('',#1422);
#1266=PLANE('',#1423);
#1267=PLANE('',#1424);
#1268=PLANE('',#1429);
#1269=PLANE('',#1433);
#1270=PLANE('',#1437);
#1271=PLANE('',#1441);
#1272=PLANE('',#1444);
#1273=PLANE('',#1447);
#1274=PLANE('',#1450);
#1275=PLANE('',#1454);
#1276=PLANE('',#1455);
#1277=PLANE('',#1458);
#1278=PLANE('',#1459);
#1279=PLANE('',#1460);
#1280=PLANE('',#1461);
#1281=PLANE('',#1472);
#1282=PLANE('',#1473);
#1283=PLANE('',#1476);
#1284=PLANE('',#1479);
#1285=PLANE('',#1480);
#1286=PLANE('',#1483);
#1287=PLANE('',#1486);
#1288=PLANE('',#1487);
#1289=PLANE('',#1490);
#1290=PLANE('',#1493);
#1291=PLANE('',#1494);
#1292=PLANE('',#1497);
#1293=PLANE('',#1500);
#1294=PLANE('',#1501);
#1295=PLANE('',#1502);
#1296=PLANE('',#1503);
#1297=PLANE('',#1504);
#1298=PLANE('',#1505);
#1299=PLANE('',#1508);
#1300=PLANE('',#1509);
#1301=PLANE('',#1510);
#1302=PLANE('',#1511);
#1303=PLANE('',#1512);
#1304=PLANE('',#1513);
#1305=PLANE('',#1518);
#1306=PLANE('',#1519);
#1307=PLANE('',#1520);
#1308=PLANE('',#1525);
#1309=PLANE('',#1526);
#1310=ADVANCED_FACE('',(#106),#1253,.F.);
#1311=ADVANCED_FACE('',(#107,#83),#1254,.T.);
#1312=ADVANCED_FACE('',(#108),#1255,.T.);
#1313=ADVANCED_FACE('',(#109),#1256,.T.);
#1314=ADVANCED_FACE('',(#110),#1257,.F.);
#1315=ADVANCED_FACE('',(#111),#61,.F.);
#1316=ADVANCED_FACE('',(#112),#1258,.F.);
#1317=ADVANCED_FACE('',(#113),#62,.F.);
#1318=ADVANCED_FACE('',(#114),#1259,.F.);
#1319=ADVANCED_FACE('',(#115),#1260,.T.);
#1320=ADVANCED_FACE('',(#116),#1261,.T.);
#1321=ADVANCED_FACE('',(#117,#84,#85,#86),#1262,.T.);
#1322=ADVANCED_FACE('',(#118),#1263,.T.);
#1323=ADVANCED_FACE('',(#119,#87),#1264,.T.);
#1324=ADVANCED_FACE('',(#120),#1265,.T.);
#1325=ADVANCED_FACE('',(#121),#1266,.T.);
#1326=ADVANCED_FACE('',(#122,#88,#89,#90,#91),#1267,.T.);
#1327=ADVANCED_FACE('',(#123),#1268,.T.);
#1328=ADVANCED_FACE('',(#124),#63,.F.);
#1329=ADVANCED_FACE('',(#125),#1269,.F.);
#1330=ADVANCED_FACE('',(#126),#64,.F.);
#1331=ADVANCED_FACE('',(#127),#1270,.F.);
#1332=ADVANCED_FACE('',(#128),#65,.F.);
#1333=ADVANCED_FACE('',(#129),#1271,.F.);
#1334=ADVANCED_FACE('',(#130),#66,.T.);
#1335=ADVANCED_FACE('',(#131,#92),#1272,.T.);
#1336=ADVANCED_FACE('',(#132),#67,.T.);
#1337=ADVANCED_FACE('',(#133,#93),#1273,.T.);
#1338=ADVANCED_FACE('',(#134),#68,.T.);
#1339=ADVANCED_FACE('',(#135,#94),#1274,.T.);
#1340=ADVANCED_FACE('',(#136),#69,.F.);
#1341=ADVANCED_FACE('',(#137),#1275,.F.);
#1342=ADVANCED_FACE('',(#138,#95),#1276,.T.);
#1343=ADVANCED_FACE('',(#139),#70,.T.);
#1344=ADVANCED_FACE('',(#140),#1277,.F.);
#1345=ADVANCED_FACE('',(#141),#1278,.F.);
#1346=ADVANCED_FACE('',(#142),#1279,.T.);
#1347=ADVANCED_FACE('',(#143,#96,#97,#98,#99),#1280,.F.);
#1348=ADVANCED_FACE('',(#144),#1281,.F.);
#1349=ADVANCED_FACE('',(#145),#1282,.F.);
#1350=ADVANCED_FACE('',(#146),#71,.F.);
#1351=ADVANCED_FACE('',(#147),#1283,.F.);
#1352=ADVANCED_FACE('',(#148),#72,.F.);
#1353=ADVANCED_FACE('',(#149),#1284,.F.);
#1354=ADVANCED_FACE('',(#150),#1285,.F.);
#1355=ADVANCED_FACE('',(#151),#73,.F.);
#1356=ADVANCED_FACE('',(#152),#1286,.F.);
#1357=ADVANCED_FACE('',(#153),#74,.F.);
#1358=ADVANCED_FACE('',(#154),#1287,.F.);
#1359=ADVANCED_FACE('',(#155),#1288,.F.);
#1360=ADVANCED_FACE('',(#156),#75,.F.);
#1361=ADVANCED_FACE('',(#157),#1289,.F.);
#1362=ADVANCED_FACE('',(#158),#76,.F.);
#1363=ADVANCED_FACE('',(#159),#1290,.F.);
#1364=ADVANCED_FACE('',(#160),#1291,.F.);
#1365=ADVANCED_FACE('',(#161),#77,.F.);
#1366=ADVANCED_FACE('',(#162),#1292,.F.);
#1367=ADVANCED_FACE('',(#163),#78,.F.);
#1368=ADVANCED_FACE('',(#164),#1293,.F.);
#1369=ADVANCED_FACE('',(#165),#1294,.T.);
#1370=ADVANCED_FACE('',(#166),#1295,.F.);
#1371=ADVANCED_FACE('',(#167),#1296,.F.);
#1372=ADVANCED_FACE('',(#168),#1297,.F.);
#1373=ADVANCED_FACE('',(#169,#100,#101,#102,#103),#1298,.T.);
#1374=ADVANCED_FACE('',(#170),#1299,.T.);
#1375=ADVANCED_FACE('',(#171),#1300,.T.);
#1376=ADVANCED_FACE('',(#172),#1301,.F.);
#1377=ADVANCED_FACE('',(#173),#1302,.F.);
#1378=ADVANCED_FACE('',(#174),#1303,.F.);
#1379=ADVANCED_FACE('',(#175,#104),#1304,.F.);
#1380=ADVANCED_FACE('',(#176),#79,.F.);
#1381=ADVANCED_FACE('',(#177),#80,.F.);
#1382=ADVANCED_FACE('',(#178),#1305,.F.);
#1383=ADVANCED_FACE('',(#179),#1306,.T.);
#1384=ADVANCED_FACE('',(#180,#105),#1307,.F.);
#1385=ADVANCED_FACE('',(#181),#81,.F.);
#1386=ADVANCED_FACE('',(#182),#82,.F.);
#1387=ADVANCED_FACE('',(#183),#1308,.F.);
#1388=ADVANCED_FACE('',(#184),#1309,.T.);
#1389=CLOSED_SHELL('',(#1310,#1311,#1312,#1313,#1314,#1315,#1316,#1317,
#1318,#1319,#1320,#1321,#1322,#1323,#1324,#1325,#1326,#1327,#1328,#1329,
#1330,#1331,#1332,#1333,#1334,#1335,#1336,#1337,#1338,#1339,#1340,#1341,
#1342,#1343,#1344));
#1390=CLOSED_SHELL('',(#1345,#1346,#1347,#1348,#1349,#1350,#1351,#1352,
#1353,#1354,#1355,#1356,#1357,#1358,#1359,#1360,#1361,#1362,#1363,#1364,
#1365,#1366,#1367,#1368,#1369,#1370,#1371,#1372,#1373,#1374,#1375,#1376,
#1377,#1378,#1379,#1380,#1381,#1382,#1383,#1384,#1385,#1386,#1387,#1388));
#1391=DERIVED_UNIT_ELEMENT(#1393,1.);
#1392=DERIVED_UNIT_ELEMENT(#2312,-3.);
#1393=(
MASS_UNIT()
NAMED_UNIT(*)
SI_UNIT(.KILO.,.GRAM.)
);
#1394=DERIVED_UNIT((#1391,#1392));
#1395=MEASURE_REPRESENTATION_ITEM('density measure',
POSITIVE_RATIO_MEASURE(7850.),#1394);
#1396=PROPERTY_DEFINITION_REPRESENTATION(#1401,#1398);
#1397=PROPERTY_DEFINITION_REPRESENTATION(#1402,#1399);
#1398=REPRESENTATION('material name',(#1400),#2309);
#1399=REPRESENTATION('density',(#1395),#2309);
#1400=DESCRIPTIVE_REPRESENTATION_ITEM('Steel','Steel');
#1401=PROPERTY_DEFINITION('material property','material name',#2319);
#1402=PROPERTY_DEFINITION('material property','density of part',#2319);
#1403=AXIS2_PLACEMENT_3D('',#1917,#1527,#1528);
#1404=AXIS2_PLACEMENT_3D('',#1918,#1529,#1530);
#1405=AXIS2_PLACEMENT_3D('',#1927,#1535,#1536);
#1406=AXIS2_PLACEMENT_3D('',#1941,#1544,#1545);
#1407=AXIS2_PLACEMENT_3D('',#1945,#1548,#1549);
#1408=AXIS2_PLACEMENT_3D('',#1949,#1552,#1553);
#1409=AXIS2_PLACEMENT_3D('',#1951,#1555,#1556);
#1410=AXIS2_PLACEMENT_3D('',#1953,#1557,#1558);
#1411=AXIS2_PLACEMENT_3D('',#1956,#1560,#1561);
#1412=AXIS2_PLACEMENT_3D('',#1957,#1562,#1563);
#1413=AXIS2_PLACEMENT_3D('',#1958,#1564,#1565);
#1414=AXIS2_PLACEMENT_3D('',#1960,#1566,#1567);
#1415=AXIS2_PLACEMENT_3D('',#1963,#1569,#1570);
#1416=AXIS2_PLACEMENT_3D('',#1964,#1571,#1572);
#1417=AXIS2_PLACEMENT_3D('',#1965,#1573,#1574);
#1418=AXIS2_PLACEMENT_3D('',#1971,#1578,#1579);
#1419=AXIS2_PLACEMENT_3D('',#1980,#1584,#1585);
#1420=AXIS2_PLACEMENT_3D('',#1989,#1591,#1592);
#1421=AXIS2_PLACEMENT_3D('',#1993,#1595,#1596);
#1422=AXIS2_PLACEMENT_3D('',#1999,#1600,#1601);
#1423=AXIS2_PLACEMENT_3D('',#2001,#1603,#1604);
#1424=AXIS2_PLACEMENT_3D('',#2003,#1606,#1607);
#1425=AXIS2_PLACEMENT_3D('',#2005,#1608,#1609);
#1426=AXIS2_PLACEMENT_3D('',#2007,#1610,#1611);
#1427=AXIS2_PLACEMENT_3D('',#2009,#1612,#1613);
#1428=AXIS2_PLACEMENT_3D('',#2011,#1614,#1615);
#1429=AXIS2_PLACEMENT_3D('',#2012,#1616,#1617);
#1430=AXIS2_PLACEMENT_3D('',#2014,#1619,#1620);
#1431=AXIS2_PLACEMENT_3D('',#2016,#1621,#1622);
#1432=AXIS2_PLACEMENT_3D('',#2019,#1624,#1625);
#1433=AXIS2_PLACEMENT_3D('',#2020,#1626,#1627);
#1434=AXIS2_PLACEMENT_3D('',#2021,#1628,#1629);
#1435=AXIS2_PLACEMENT_3D('',#2023,#1630,#1631);
#1436=AXIS2_PLACEMENT_3D('',#2026,#1633,#1634);
#1437=AXIS2_PLACEMENT_3D('',#2027,#1635,#1636);
#1438=AXIS2_PLACEMENT_3D('',#2028,#1637,#1638);
#1439=AXIS2_PLACEMENT_3D('',#2030,#1639,#1640);
#1440=AXIS2_PLACEMENT_3D('',#2033,#1642,#1643);
#1441=AXIS2_PLACEMENT_3D('',#2034,#1644,#1645);
#1442=AXIS2_PLACEMENT_3D('',#2035,#1646,#1647);
#1443=AXIS2_PLACEMENT_3D('',#2037,#1648,#1649);
#1444=AXIS2_PLACEMENT_3D('',#2039,#1651,#1652);
#1445=AXIS2_PLACEMENT_3D('',#2040,#1653,#1654);
#1446=AXIS2_PLACEMENT_3D('',#2042,#1655,#1656);
#1447=AXIS2_PLACEMENT_3D('',#2044,#1658,#1659);
#1448=AXIS2_PLACEMENT_3D('',#2045,#1660,#1661);
#1449=AXIS2_PLACEMENT_3D('',#2047,#1662,#1663);
#1450=AXIS2_PLACEMENT_3D('',#2049,#1665,#1666);
#1451=AXIS2_PLACEMENT_3D('',#2050,#1667,#1668);
#1452=AXIS2_PLACEMENT_3D('',#2052,#1669,#1670);
#1453=AXIS2_PLACEMENT_3D('',#2055,#1672,#1673);
#1454=AXIS2_PLACEMENT_3D('',#2056,#1674,#1675);
#1455=AXIS2_PLACEMENT_3D('',#2057,#1676,#1677);
#1456=AXIS2_PLACEMENT_3D('',#2059,#1678,#1679);
#1457=AXIS2_PLACEMENT_3D('',#2060,#1680,#1681);
#1458=AXIS2_PLACEMENT_3D('',#2062,#1683,#1684);
#1459=AXIS2_PLACEMENT_3D('',#2063,#1685,#1686);
#1460=AXIS2_PLACEMENT_3D('',#2072,#1691,#1692);
#1461=AXIS2_PLACEMENT_3D('',#2078,#1696,#1697);
#1462=AXIS2_PLACEMENT_3D('',#2088,#1702,#1703);
#1463=AXIS2_PLACEMENT_3D('',#2090,#1704,#1705);
#1464=AXIS2_PLACEMENT_3D('',#2116,#1718,#1719);
#1465=AXIS2_PLACEMENT_3D('',#2120,#1721,#1722);
#1466=AXIS2_PLACEMENT_3D('',#2126,#1725,#1726);
#1467=AXIS2_PLACEMENT_3D('',#2130,#1728,#1729);
#1468=AXIS2_PLACEMENT_3D('',#2136,#1732,#1733);
#1469=AXIS2_PLACEMENT_3D('',#2140,#1735,#1736);
#1470=AXIS2_PLACEMENT_3D('',#2146,#1739,#1740);
#1471=AXIS2_PLACEMENT_3D('',#2149,#1742,#1743);
#1472=AXIS2_PLACEMENT_3D('',#2150,#1744,#1745);
#1473=AXIS2_PLACEMENT_3D('',#2156,#1749,#1750);
#1474=AXIS2_PLACEMENT_3D('',#2160,#1753,#1754);
#1475=AXIS2_PLACEMENT_3D('',#2162,#1755,#1756);
#1476=AXIS2_PLACEMENT_3D('',#2164,#1758,#1759);
#1477=AXIS2_PLACEMENT_3D('',#2168,#1762,#1763);
#1478=AXIS2_PLACEMENT_3D('',#2170,#1764,#1765);
#1479=AXIS2_PLACEMENT_3D('',#2172,#1767,#1768);
#1480=AXIS2_PLACEMENT_3D('',#2176,#1771,#1772);
#1481=AXIS2_PLACEMENT_3D('',#2180,#1775,#1776);
#1482=AXIS2_PLACEMENT_3D('',#2182,#1777,#1778);
#1483=AXIS2_PLACEMENT_3D('',#2184,#1780,#1781);
#1484=AXIS2_PLACEMENT_3D('',#2188,#1784,#1785);
#1485=AXIS2_PLACEMENT_3D('',#2190,#1786,#1787);
#1486=AXIS2_PLACEMENT_3D('',#2192,#1789,#1790);
#1487=AXIS2_PLACEMENT_3D('',#2196,#1793,#1794);
#1488=AXIS2_PLACEMENT_3D('',#2200,#1797,#1798);
#1489=AXIS2_PLACEMENT_3D('',#2202,#1799,#1800);
#1490=AXIS2_PLACEMENT_3D('',#2204,#1802,#1803);
#1491=AXIS2_PLACEMENT_3D('',#2208,#1806,#1807);
#1492=AXIS2_PLACEMENT_3D('',#2210,#1808,#1809);
#1493=AXIS2_PLACEMENT_3D('',#2212,#1811,#1812);
#1494=AXIS2_PLACEMENT_3D('',#2216,#1815,#1816);
#1495=AXIS2_PLACEMENT_3D('',#2220,#1819,#1820);
#1496=AXIS2_PLACEMENT_3D('',#2222,#1821,#1822);
#1497=AXIS2_PLACEMENT_3D('',#2224,#1824,#1825);
#1498=AXIS2_PLACEMENT_3D('',#2228,#1828,#1829);
#1499=AXIS2_PLACEMENT_3D('',#2229,#1830,#1831);
#1500=AXIS2_PLACEMENT_3D('',#2230,#1832,#1833);
#1501=AXIS2_PLACEMENT_3D('',#2236,#1837,#1838);
#1502=AXIS2_PLACEMENT_3D('',#2240,#1841,#1842);
#1503=AXIS2_PLACEMENT_3D('',#2244,#1845,#1846);
#1504=AXIS2_PLACEMENT_3D('',#2248,#1849,#1850);
#1505=AXIS2_PLACEMENT_3D('',#2254,#1854,#1855);
#1506=AXIS2_PLACEMENT_3D('',#2271,#1865,#1866);
#1507=AXIS2_PLACEMENT_3D('',#2273,#1867,#1868);
#1508=AXIS2_PLACEMENT_3D('',#2274,#1869,#1870);
#1509=AXIS2_PLACEMENT_3D('',#2276,#1872,#1873);
#1510=AXIS2_PLACEMENT_3D('',#2278,#1875,#1876);
#1511=AXIS2_PLACEMENT_3D('',#2279,#1877,#1878);
#1512=AXIS2_PLACEMENT_3D('',#2280,#1879,#1880);
#1513=AXIS2_PLACEMENT_3D('',#2281,#1881,#1882);
#1514=AXIS2_PLACEMENT_3D('',#2283,#1883,#1884);
#1515=AXIS2_PLACEMENT_3D('',#2285,#1885,#1886);
#1516=AXIS2_PLACEMENT_3D('',#2286,#1887,#1888);
#1517=AXIS2_PLACEMENT_3D('',#2288,#1890,#1891);
#1518=AXIS2_PLACEMENT_3D('',#2290,#1893,#1894);
#1519=AXIS2_PLACEMENT_3D('',#2293,#1897,#1898);
#1520=AXIS2_PLACEMENT_3D('',#2295,#1900,#1901);
#1521=AXIS2_PLACEMENT_3D('',#2297,#1902,#1903);
#1522=AXIS2_PLACEMENT_3D('',#2299,#1904,#1905);
#1523=AXIS2_PLACEMENT_3D('',#2300,#1906,#1907);
#1524=AXIS2_PLACEMENT_3D('',#2302,#1909,#1910);
#1525=AXIS2_PLACEMENT_3D('',#2304,#1912,#1913);
#1526=AXIS2_PLACEMENT_3D('',#2306,#1915,#1916);
#1527=DIRECTION('axis',(0.,0.,1.));
#1528=DIRECTION('refdir',(1.,0.,0.));
#1529=DIRECTION('center_axis',(0.,0.,-1.));
#1530=DIRECTION('ref_axis',(-1.,0.,0.));
#1531=DIRECTION('',(0.,-1.,0.));
#1532=DIRECTION('',(1.,0.,0.));
#1533=DIRECTION('',(0.,1.,0.));
#1534=DIRECTION('',(-1.,0.,0.));
#1535=DIRECTION('center_axis',(0.,-1.,0.));
#1536=DIRECTION('ref_axis',(0.,0.,-1.));
#1537=DIRECTION('',(1.,0.,0.));
#1538=DIRECTION('',(0.,0.,1.));
#1539=DIRECTION('',(-1.,0.,0.));
#1540=DIRECTION('',(0.,0.,-1.));
#1541=DIRECTION('',(0.,0.,-1.));
#1542=DIRECTION('',(0.,0.,1.));
#1543=DIRECTION('',(-1.,0.,0.));
#1544=DIRECTION('center_axis',(-1.,0.,0.));
#1545=DIRECTION('ref_axis',(0.,0.,1.));
#1546=DIRECTION('',(0.,-1.,0.));
#1547=DIRECTION('',(0.,0.,-1.));
#1548=DIRECTION('center_axis',(0.,0.,-1.));
#1549=DIRECTION('ref_axis',(-1.,0.,0.));
#1550=DIRECTION('',(0.,-1.,0.));
#1551=DIRECTION('',(1.,0.,0.));
#1552=DIRECTION('center_axis',(-1.,0.,0.));
#1553=DIRECTION('ref_axis',(0.,0.,1.));
#1554=DIRECTION('',(0.,0.,-1.));
#1555=DIRECTION('center_axis',(0.,0.,-1.));
#1556=DIRECTION('ref_axis',(1.,0.,0.));
#1557=DIRECTION('center_axis',(0.,0.,-1.));
#1558=DIRECTION('ref_axis',(1.,0.,0.));
#1559=DIRECTION('',(0.,0.,-1.));
#1560=DIRECTION('center_axis',(0.,0.,-1.));
#1561=DIRECTION('ref_axis',(1.,0.,0.));
#1562=DIRECTION('center_axis',(0.,0.,-1.));
#1563=DIRECTION('ref_axis',(1.,0.,0.));
#1564=DIRECTION('center_axis',(0.,0.,-1.));
#1565=DIRECTION('ref_axis',(1.,0.,0.));
#1566=DIRECTION('center_axis',(0.,0.,-1.));
#1567=DIRECTION('ref_axis',(1.,0.,0.));
#1568=DIRECTION('',(0.,0.,-1.));
#1569=DIRECTION('center_axis',(0.,0.,-1.));
#1570=DIRECTION('ref_axis',(1.,0.,0.));
#1571=DIRECTION('center_axis',(0.,0.,-1.));
#1572=DIRECTION('ref_axis',(1.,0.,0.));
#1573=DIRECTION('center_axis',(1.,0.,0.));
#1574=DIRECTION('ref_axis',(0.,0.,-1.));
#1575=DIRECTION('',(0.,1.,0.));
#1576=DIRECTION('',(0.,0.,1.));
#1577=DIRECTION('',(0.,-1.,0.));
#1578=DIRECTION('center_axis',(0.,-1.,0.));
#1579=DIRECTION('ref_axis',(1.,0.,0.));
#1580=DIRECTION('',(-1.,0.,0.));
#1581=DIRECTION('',(0.,0.,1.));
#1582=DIRECTION('',(1.,0.,0.));
#1583=DIRECTION('',(0.,0.,1.));
#1584=DIRECTION('center_axis',(0.,0.,1.));
#1585=DIRECTION('ref_axis',(1.,0.,0.));
#1586=DIRECTION('',(1.,0.,0.));
#1587=DIRECTION('',(0.,-1.,0.));
#1588=DIRECTION('',(0.,1.,0.));
#1589=DIRECTION('',(0.,-1.,0.));
#1590=DIRECTION('',(-1.,0.,0.));
#1591=DIRECTION('center_axis',(0.,1.,0.));
#1592=DIRECTION('ref_axis',(0.,0.,1.));
#1593=DIRECTION('',(-1.,2.29676971415401E-17,0.));
#1594=DIRECTION('',(0.,0.,1.));
#1595=DIRECTION('center_axis',(0.,1.,0.));
#1596=DIRECTION('ref_axis',(-1.,0.,0.));
#1597=DIRECTION('',(1.,0.,0.));
#1598=DIRECTION('',(0.,0.,1.));
#1599=DIRECTION('',(0.,0.,1.));
#1600=DIRECTION('center_axis',(-1.,0.,0.));
#1601=DIRECTION('ref_axis',(0.,-1.,0.));
#1602=DIRECTION('',(0.,1.,0.));
#1603=DIRECTION('center_axis',(1.,0.,0.));
#1604=DIRECTION('ref_axis',(0.,1.,0.));
#1605=DIRECTION('',(0.,-1.,0.));
#1606=DIRECTION('center_axis',(0.,0.,1.));
#1607=DIRECTION('ref_axis',(1.,0.,0.));
#1608=DIRECTION('center_axis',(0.,0.,-1.));
#1609=DIRECTION('ref_axis',(-1.,0.,0.));
#1610=DIRECTION('center_axis',(0.,0.,-1.));
#1611=DIRECTION('ref_axis',(-1.,0.,0.));
#1612=DIRECTION('center_axis',(0.,0.,-1.));
#1613=DIRECTION('ref_axis',(-1.,0.,0.));
#1614=DIRECTION('center_axis',(0.,0.,-1.));
#1615=DIRECTION('ref_axis',(-1.,0.,0.));
#1616=DIRECTION('center_axis',(-1.,0.,0.));
#1617=DIRECTION('ref_axis',(0.,0.,1.));
#1618=DIRECTION('',(0.,-1.,0.));
#1619=DIRECTION('center_axis',(0.,0.,-1.));
#1620=DIRECTION('ref_axis',(1.,0.,0.));
#1621=DIRECTION('center_axis',(0.,0.,-1.));
#1622=DIRECTION('ref_axis',(1.,0.,0.));
#1623=DIRECTION('',(0.,0.,-1.));
#1624=DIRECTION('center_axis',(0.,0.,-1.));
#1625=DIRECTION('ref_axis',(1.,0.,0.));
#1626=DIRECTION('center_axis',(0.,0.,-1.));
#1627=DIRECTION('ref_axis',(1.,0.,0.));
#1628=DIRECTION('center_axis',(0.,0.,-1.));
#1629=DIRECTION('ref_axis',(1.,0.,0.));
#1630=DIRECTION('center_axis',(0.,0.,-1.));
#1631=DIRECTION('ref_axis',(1.,0.,0.));
#1632=DIRECTION('',(0.,0.,-1.));
#1633=DIRECTION('center_axis',(0.,0.,-1.));
#1634=DIRECTION('ref_axis',(1.,0.,0.));
#1635=DIRECTION('center_axis',(0.,0.,-1.));
#1636=DIRECTION('ref_axis',(1.,0.,0.));
#1637=DIRECTION('center_axis',(0.,0.,-1.));
#1638=DIRECTION('ref_axis',(1.,0.,0.));
#1639=DIRECTION('center_axis',(0.,0.,-1.));
#1640=DIRECTION('ref_axis',(1.,0.,0.));
#1641=DIRECTION('',(0.,0.,-1.));
#1642=DIRECTION('center_axis',(0.,0.,1.));
#1643=DIRECTION('ref_axis',(1.,0.,0.));
#1644=DIRECTION('center_axis',(0.,0.,-1.));
#1645=DIRECTION('ref_axis',(1.,0.,0.));
#1646=DIRECTION('center_axis',(0.,0.,1.));
#1647=DIRECTION('ref_axis',(-1.,0.,0.));
#1648=DIRECTION('center_axis',(0.,0.,1.));
#1649=DIRECTION('ref_axis',(-1.,0.,0.));
#1650=DIRECTION('',(0.,0.,-1.));
#1651=DIRECTION('center_axis',(0.,0.,1.));
#1652=DIRECTION('ref_axis',(-1.,0.,0.));
#1653=DIRECTION('center_axis',(0.,0.,1.));
#1654=DIRECTION('ref_axis',(-1.,0.,0.));
#1655=DIRECTION('center_axis',(0.,0.,1.));
#1656=DIRECTION('ref_axis',(-1.,0.,0.));
#1657=DIRECTION('',(0.,0.,-1.));
#1658=DIRECTION('center_axis',(0.,0.,1.));
#1659=DIRECTION('ref_axis',(-1.,0.,0.));
#1660=DIRECTION('center_axis',(0.,0.,1.));
#1661=DIRECTION('ref_axis',(-1.,0.,0.));
#1662=DIRECTION('center_axis',(0.,0.,1.));
#1663=DIRECTION('ref_axis',(-1.,0.,0.));
#1664=DIRECTION('',(0.,0.,-1.));
#1665=DIRECTION('center_axis',(0.,0.,1.));
#1666=DIRECTION('ref_axis',(-1.,0.,0.));
#1667=DIRECTION('center_axis',(0.,0.,-1.));
#1668=DIRECTION('ref_axis',(1.,0.,0.));
#1669=DIRECTION('center_axis',(0.,0.,-1.));
#1670=DIRECTION('ref_axis',(1.,0.,0.));
#1671=DIRECTION('',(0.,0.,-1.));
#1672=DIRECTION('center_axis',(0.,0.,-1.));
#1673=DIRECTION('ref_axis',(1.,0.,0.));
#1674=DIRECTION('center_axis',(0.,0.,-1.));
#1675=DIRECTION('ref_axis',(1.,0.,0.));
#1676=DIRECTION('center_axis',(0.,0.,1.));
#1677=DIRECTION('ref_axis',(-1.,0.,0.));
#1678=DIRECTION('center_axis',(0.,0.,1.));
#1679=DIRECTION('ref_axis',(-1.,0.,0.));
#1680=DIRECTION('center_axis',(0.,0.,1.));
#1681=DIRECTION('ref_axis',(-1.,0.,0.));
#1682=DIRECTION('',(0.,0.,-1.));
#1683=DIRECTION('center_axis',(0.,0.,1.));
#1684=DIRECTION('ref_axis',(1.,0.,0.));
#1685=DIRECTION('center_axis',(-1.,0.,0.));
#1686=DIRECTION('ref_axis',(0.,0.,1.));
#1687=DIRECTION('',(-1.22464679914735E-16,1.49975978266186E-32,-1.));
#1688=DIRECTION('',(0.,1.,1.49975978266186E-32));
#1689=DIRECTION('',(0.,0.,1.));
#1690=DIRECTION('',(0.,-1.,-1.49975978266186E-32));
#1691=DIRECTION('center_axis',(-1.22464679914735E-16,-1.,0.));
#1692=DIRECTION('ref_axis',(-1.22464679914735E-16,1.49975978266186E-32,
-1.));
#1693=DIRECTION('',(-1.,1.22464679914735E-16,1.22464679914735E-16));
#1694=DIRECTION('',(-1.22464679914735E-16,1.49975978266186E-32,-1.));
#1695=DIRECTION('',(1.,-1.22464679914735E-16,-1.22464679914735E-16));
#1696=DIRECTION('center_axis',(-1.22464679914735E-16,1.49975978266186E-32,
-1.));
#1697=DIRECTION('ref_axis',(-1.,1.22464679914735E-16,1.22464679914735E-16));
#1698=DIRECTION('',(1.22464679914735E-16,1.,0.));
#1699=DIRECTION('',(1.,-1.22464679914735E-16,-1.22464679914735E-16));
#1700=DIRECTION('',(-1.22464679914735E-16,-1.,0.));
#1701=DIRECTION('',(1.,-1.22464679914735E-16,-1.22464679914735E-16));
#1702=DIRECTION('center_axis',(-1.22464679914735E-16,1.49975978266186E-32,
-1.));
#1703=DIRECTION('ref_axis',(1.,-1.22464679914735E-16,-1.22464679914735E-16));
#1704=DIRECTION('center_axis',(-1.22464679914735E-16,1.49975978266186E-32,
-1.));
#1705=DIRECTION('ref_axis',(1.,-1.22464679914735E-16,-1.22464679914735E-16));
#1706=DIRECTION('',(1.,-1.22464679914735E-16,-1.22464679914735E-16));
#1707=DIRECTION('',(-1.22464679914735E-16,-1.,0.));
#1708=DIRECTION('',(-1.,1.22464679914735E-16,1.22464679914735E-16));
#1709=DIRECTION('',(1.22464679914735E-16,1.,0.));
#1710=DIRECTION('',(1.,-1.22464679914735E-16,-1.22464679914735E-16));
#1711=DIRECTION('',(1.22464679914735E-16,1.,0.));
#1712=DIRECTION('',(-1.,1.22464679914735E-16,1.22464679914735E-16));
#1713=DIRECTION('',(1.22464679914735E-16,1.,0.));
#1714=DIRECTION('',(1.,-1.22464679914735E-16,-1.22464679914735E-16));
#1715=DIRECTION('',(-1.22464679914735E-16,-1.,0.));
#1716=DIRECTION('',(0.39520687668839,-0.918592142693485,-4.8398883653746E-17));
#1717=DIRECTION('',(0.401018830722273,0.91606981033442,-4.91106427441845E-17));
#1718=DIRECTION('center_axis',(-1.22464679914735E-16,1.49975978266186E-32,
-1.));
#1719=DIRECTION('ref_axis',(-0.597398894042635,0.801944238333711,7.31602643403482E-17));
#1720=DIRECTION('',(0.80379008638654,-0.594913016353416,-9.8435895647965E-17));
#1721=DIRECTION('center_axis',(-1.22464679914735E-16,1.49975978266186E-32,
-1.));
#1722=DIRECTION('ref_axis',(0.947004953293799,0.321218957156966,-1.15974658482794E-16));
#1723=DIRECTION('',(-0.443551696743757,-0.896248789296663,5.43194165673619E-17));
#1724=DIRECTION('',(0.460264061913011,-0.887782064085176,-5.63660910184329E-17));
#1725=DIRECTION('center_axis',(-1.22464679914735E-16,1.49975978266186E-32,
-1.));
#1726=DIRECTION('ref_axis',(0.924384642673792,0.381461705009619,-1.13204469383143E-16));
#1727=DIRECTION('',(-0.925259917285212,-0.379333738896718,1.13311659608268E-16));
#1728=DIRECTION('center_axis',(-1.22464679914735E-16,1.49975978266186E-32,
-1.));
#1729=DIRECTION('ref_axis',(0.322590690279049,-0.946538560516837,-3.95059656284973E-17));
#1730=DIRECTION('',(-0.379333738896719,0.925259917285211,4.64549849148465E-17));
#1731=DIRECTION('',(-0.389000989939611,-0.921237336317847,4.76388817194697E-17));
#1732=DIRECTION('center_axis',(-1.22464679914735E-16,1.49975978266186E-32,
-1.));
#1733=DIRECTION('ref_axis',(0.961064188787831,-0.276325216058161,-1.17696418257416E-16));
#1734=DIRECTION('',(-0.921237336317847,0.389000989939612,1.12819035517669E-16));
#1735=DIRECTION('center_axis',(-1.22464679914735E-16,1.49975978266186E-32,
-1.));
#1736=DIRECTION('ref_axis',(-0.389000989939607,-0.921237336317849,4.76388817194691E-17));
#1737=DIRECTION('',(0.465829066506807,0.884874726047364,-5.70476075247361E-17));
#1738=DIRECTION('',(-0.430469137867441,0.902605296540887,5.27172651821082E-17));
#1739=DIRECTION('center_axis',(-1.22464679914735E-16,1.49975978266186E-32,
-1.));
#1740=DIRECTION('ref_axis',(-0.925353977471295,-0.379104228910802,1.13323178658849E-16));
#1741=DIRECTION('',(0.810487350214676,0.58575613965369,-9.92560739189822E-17));
#1742=DIRECTION('center_axis',(-1.22464679914735E-16,1.49975978266186E-32,
-1.));
#1743=DIRECTION('ref_axis',(-0.585756139653685,0.81048735021468,7.17344381507796E-17));
#1744=DIRECTION('center_axis',(-0.925259917285211,-0.379333738896719,1.13311659608268E-16));
#1745=DIRECTION('ref_axis',(0.379333738896719,-0.925259917285211,-4.64549849148465E-17));
#1746=DIRECTION('',(1.22464679914735E-16,-1.49975978266186E-32,1.));
#1747=DIRECTION('',(0.379333738896719,-0.925259917285211,-4.64549849148465E-17));
#1748=DIRECTION('',(1.22464679914735E-16,-1.49975978266186E-32,1.));
#1749=DIRECTION('center_axis',(0.921237336317847,-0.389000989939611,-1.12819035517669E-16));
#1750=DIRECTION('ref_axis',(0.389000989939611,0.921237336317847,-4.76388817194697E-17));
#1751=DIRECTION('',(0.389000989939611,0.921237336317847,-4.76388817194697E-17));
#1752=DIRECTION('',(1.22464679914735E-16,-1.49975978266186E-32,1.));
#1753=DIRECTION('center_axis',(1.22464679914735E-16,-1.49975978266186E-32,
1.));
#1754=DIRECTION('ref_axis',(0.961064188787831,-0.276325216058161,-1.17696418257416E-16));
#1755=DIRECTION('center_axis',(1.22464679914735E-16,-1.49975978266186E-32,
1.));
#1756=DIRECTION('ref_axis',(0.961064188787831,-0.276325216058161,-1.17696418257416E-16));
#1757=DIRECTION('',(1.22464679914735E-16,-1.49975978266186E-32,1.));
#1758=DIRECTION('center_axis',(-0.389000989939612,-0.921237336317847,4.76388817194697E-17));
#1759=DIRECTION('ref_axis',(0.921237336317847,-0.389000989939612,-1.12819035517669E-16));
#1760=DIRECTION('',(0.921237336317847,-0.389000989939612,-1.12819035517669E-16));
#1761=DIRECTION('',(1.22464679914735E-16,-1.49975978266186E-32,1.));
#1762=DIRECTION('center_axis',(1.22464679914735E-16,-1.49975978266186E-32,
1.));
#1763=DIRECTION('ref_axis',(-0.389000989939607,-0.921237336317849,4.76388817194691E-17));
#1764=DIRECTION('center_axis',(1.22464679914735E-16,-1.49975978266186E-32,
1.));
#1765=DIRECTION('ref_axis',(-0.389000989939607,-0.921237336317849,4.76388817194691E-17));
#1766=DIRECTION('',(1.22464679914735E-16,-1.49975978266186E-32,1.));
#1767=DIRECTION('center_axis',(-0.884874726047364,0.465829066506807,1.08365900090029E-16));
#1768=DIRECTION('ref_axis',(-0.465829066506807,-0.884874726047364,5.70476075247361E-17));
#1769=DIRECTION('',(-0.465829066506807,-0.884874726047364,5.70476075247361E-17));
#1770=DIRECTION('',(1.22464679914735E-16,-1.49975978266186E-32,1.));
#1771=DIRECTION('center_axis',(-0.902605296540887,-0.430469137867441,1.10537268730224E-16));
#1772=DIRECTION('ref_axis',(0.430469137867441,-0.902605296540887,-5.27172651821082E-17));
#1773=DIRECTION('',(0.430469137867441,-0.902605296540887,-5.27172651821082E-17));
#1774=DIRECTION('',(1.22464679914735E-16,-1.49975978266186E-32,1.));
#1775=DIRECTION('center_axis',(1.22464679914735E-16,-1.49975978266186E-32,
1.));
#1776=DIRECTION('ref_axis',(-0.925353977471295,-0.379104228910802,1.13323178658849E-16));
#1777=DIRECTION('center_axis',(1.22464679914735E-16,-1.49975978266186E-32,
1.));
#1778=DIRECTION('ref_axis',(-0.925353977471295,-0.379104228910802,1.13323178658849E-16));
#1779=DIRECTION('',(1.22464679914735E-16,-1.49975978266186E-32,1.));
#1780=DIRECTION('center_axis',(-0.58575613965369,0.810487350214676,7.17344381507802E-17));
#1781=DIRECTION('ref_axis',(-0.810487350214676,-0.58575613965369,9.92560739189823E-17));
#1782=DIRECTION('',(-0.810487350214676,-0.58575613965369,9.92560739189822E-17));
#1783=DIRECTION('',(1.22464679914735E-16,-1.49975978266186E-32,1.));
#1784=DIRECTION('center_axis',(1.22464679914735E-16,-1.49975978266186E-32,
1.));
#1785=DIRECTION('ref_axis',(-0.585756139653685,0.81048735021468,7.17344381507796E-17));
#1786=DIRECTION('center_axis',(1.22464679914735E-16,-1.49975978266186E-32,
1.));
#1787=DIRECTION('ref_axis',(-0.585756139653685,0.81048735021468,7.17344381507796E-17));
#1788=DIRECTION('',(1.22464679914735E-16,-1.49975978266186E-32,1.));
#1789=DIRECTION('center_axis',(0.918592142693485,0.39520687668839,-1.12495092727148E-16));
#1790=DIRECTION('ref_axis',(-0.39520687668839,0.918592142693485,4.8398883653746E-17));
#1791=DIRECTION('',(-0.39520687668839,0.918592142693485,4.8398883653746E-17));
#1792=DIRECTION('',(1.22464679914735E-16,-1.49975978266186E-32,1.));
#1793=DIRECTION('center_axis',(-0.916069810334421,0.401018830722273,1.12186196102157E-16));
#1794=DIRECTION('ref_axis',(-0.401018830722273,-0.91606981033442,4.91106427441845E-17));
#1795=DIRECTION('',(-0.401018830722273,-0.91606981033442,4.91106427441845E-17));
#1796=DIRECTION('',(1.22464679914735E-16,-1.49975978266186E-32,1.));
#1797=DIRECTION('center_axis',(1.22464679914735E-16,-1.49975978266186E-32,
1.));
#1798=DIRECTION('ref_axis',(-0.597398894042635,0.801944238333711,7.31602643403482E-17));
#1799=DIRECTION('center_axis',(1.22464679914735E-16,-1.49975978266186E-32,
1.));
#1800=DIRECTION('ref_axis',(-0.597398894042635,0.801944238333711,7.31602643403482E-17));
#1801=DIRECTION('',(1.22464679914735E-16,-1.49975978266186E-32,1.));
#1802=DIRECTION('center_axis',(0.594913016353416,0.80379008638654,-7.28558321248307E-17));
#1803=DIRECTION('ref_axis',(-0.80379008638654,0.594913016353416,9.8435895647965E-17));
#1804=DIRECTION('',(-0.80379008638654,0.594913016353416,9.8435895647965E-17));
#1805=DIRECTION('',(1.22464679914735E-16,-1.49975978266186E-32,1.));
#1806=DIRECTION('center_axis',(1.22464679914735E-16,-1.49975978266186E-32,
1.));
#1807=DIRECTION('ref_axis',(0.947004953293799,0.321218957156966,-1.15974658482794E-16));
#1808=DIRECTION('center_axis',(1.22464679914735E-16,-1.49975978266186E-32,
1.));
#1809=DIRECTION('ref_axis',(0.947004953293799,0.321218957156966,-1.15974658482794E-16));
#1810=DIRECTION('',(1.22464679914735E-16,-1.49975978266186E-32,1.));
#1811=DIRECTION('center_axis',(0.896248789296663,-0.443551696743757,-1.09758821105185E-16));
#1812=DIRECTION('ref_axis',(0.443551696743757,0.896248789296663,-5.43194165673619E-17));
#1813=DIRECTION('',(0.443551696743757,0.896248789296663,-5.43194165673619E-17));
#1814=DIRECTION('',(1.22464679914735E-16,-1.49975978266186E-32,1.));
#1815=DIRECTION('center_axis',(0.887782064085176,0.460264061913011,-1.08721946312234E-16));
#1816=DIRECTION('ref_axis',(-0.460264061913011,0.887782064085176,5.63660910184329E-17));
#1817=DIRECTION('',(-0.460264061913011,0.887782064085176,5.63660910184329E-17));
#1818=DIRECTION('',(1.22464679914735E-16,-1.49975978266186E-32,1.));
#1819=DIRECTION('center_axis',(1.22464679914735E-16,-1.49975978266186E-32,
1.));
#1820=DIRECTION('ref_axis',(0.924384642673792,0.381461705009619,-1.13204469383143E-16));
#1821=DIRECTION('center_axis',(1.22464679914735E-16,-1.49975978266186E-32,
1.));
#1822=DIRECTION('ref_axis',(0.924384642673792,0.381461705009619,-1.13204469383143E-16));
#1823=DIRECTION('',(1.22464679914735E-16,-1.49975978266186E-32,1.));
#1824=DIRECTION('center_axis',(0.379333738896718,-0.925259917285212,-4.64549849148463E-17));
#1825=DIRECTION('ref_axis',(0.925259917285212,0.379333738896718,-1.13311659608268E-16));
#1826=DIRECTION('',(0.925259917285212,0.379333738896718,-1.13311659608268E-16));
#1827=DIRECTION('',(1.22464679914735E-16,-1.49975978266186E-32,1.));
#1828=DIRECTION('center_axis',(1.22464679914735E-16,-1.49975978266186E-32,
1.));
#1829=DIRECTION('ref_axis',(0.322590690279049,-0.946538560516837,-3.95059656284973E-17));
#1830=DIRECTION('center_axis',(1.22464679914735E-16,-1.49975978266186E-32,
1.));
#1831=DIRECTION('ref_axis',(0.322590690279049,-0.946538560516837,-3.95059656284973E-17));
#1832=DIRECTION('center_axis',(1.,-1.22464679914735E-16,-1.22464679914735E-16));
#1833=DIRECTION('ref_axis',(1.22464679914735E-16,-1.49975978266186E-32,
1.));
#1834=DIRECTION('',(1.22464679914735E-16,-1.49975978266186E-32,1.));
#1835=DIRECTION('',(1.22464679914735E-16,1.,0.));
#1836=DIRECTION('',(-1.22464679914735E-16,1.49975978266186E-32,-1.));
#1837=DIRECTION('center_axis',(-1.,1.22464679914735E-16,1.22464679914735E-16));
#1838=DIRECTION('ref_axis',(-1.22464679914735E-16,1.49975978266186E-32,
-1.));
#1839=DIRECTION('',(1.22464679914735E-16,-1.49975978266186E-32,1.));
#1840=DIRECTION('',(-1.22464679914735E-16,-1.,0.));
#1841=DIRECTION('center_axis',(1.22464679914735E-16,1.,0.));
#1842=DIRECTION('ref_axis',(1.22464679914735E-16,-1.49975978266186E-32,
1.));
#1843=DIRECTION('',(-1.22464679914735E-16,1.49975978266186E-32,-1.));
#1844=DIRECTION('',(-1.,1.22464679914735E-16,1.22464679914735E-16));
#1845=DIRECTION('center_axis',(-1.22464679914735E-16,-1.,0.));
#1846=DIRECTION('ref_axis',(-1.22464679914735E-16,1.49975978266186E-32,
-1.));
#1847=DIRECTION('',(1.,-1.22464679914735E-16,-1.22464679914735E-16));
#1848=DIRECTION('',(-1.22464679914735E-16,1.49975978266186E-32,-1.));
#1849=DIRECTION('center_axis',(-1.,1.22464679914735E-16,1.22464679914735E-16));
#1850=DIRECTION('ref_axis',(-1.22464679914735E-16,1.49975978266186E-32,
-1.));
#1851=DIRECTION('',(-1.22464679914735E-16,1.49975978266186E-32,-1.));
#1852=DIRECTION('',(1.22464679914735E-16,-1.49975978266186E-32,1.));
#1853=DIRECTION('',(-1.22464679914735E-16,-1.,0.));
#1854=DIRECTION('center_axis',(-1.22464679914735E-16,1.49975978266186E-32,
-1.));
#1855=DIRECTION('ref_axis',(1.,-1.22464679914735E-16,-1.22464679914735E-16));
#1856=DIRECTION('',(-1.22464679914735E-16,-1.,0.));
#1857=DIRECTION('',(1.,-1.22464679914735E-16,-1.22464679914735E-16));
#1858=DIRECTION('',(1.22464679914735E-16,1.,0.));
#1859=DIRECTION('',(1.,-1.22464679914735E-16,-1.22464679914735E-16));
#1860=DIRECTION('',(-1.22464679914735E-16,-1.,0.));
#1861=DIRECTION('',(1.,-1.22464679914735E-16,-1.22464679914735E-16));
#1862=DIRECTION('',(-1.,1.22464679914735E-16,1.22464679914735E-16));
#1863=DIRECTION('',(-1.22464679914735E-16,-1.,0.));
#1864=DIRECTION('',(-1.,-1.83667601732677E-48,1.22464679914735E-16));
#1865=DIRECTION('center_axis',(1.22464679914735E-16,-1.49975978266186E-32,
1.));
#1866=DIRECTION('ref_axis',(1.,-1.22464679914735E-16,-1.22464679914735E-16));
#1867=DIRECTION('center_axis',(1.22464679914735E-16,-1.49975978266186E-32,
1.));
#1868=DIRECTION('ref_axis',(1.,-1.22464679914735E-16,-1.22464679914735E-16));
#1869=DIRECTION('center_axis',(-1.22464679914735E-16,-1.,0.));
#1870=DIRECTION('ref_axis',(-1.22464679914735E-16,1.49975978266186E-32,
-1.));
#1871=DIRECTION('',(-1.22464679914735E-16,1.49975978266186E-32,-1.));
#1872=DIRECTION('center_axis',(1.22464679914735E-16,1.,0.));
#1873=DIRECTION('ref_axis',(1.22464679914735E-16,-1.49975978266186E-32,
1.));
#1874=DIRECTION('',(1.22464679914735E-16,-1.49975978266186E-32,1.));
#1875=DIRECTION('center_axis',(-1.,1.22464679914735E-16,1.22464679914735E-16));
#1876=DIRECTION('ref_axis',(-1.22464679914735E-16,1.49975978266186E-32,
-1.));
#1877=DIRECTION('center_axis',(-1.,1.22464679914735E-16,1.22464679914735E-16));
#1878=DIRECTION('ref_axis',(-1.22464679914735E-16,1.49975978266186E-32,
-1.));
#1879=DIRECTION('center_axis',(1.22464679914735E-16,1.,0.));
#1880=DIRECTION('ref_axis',(1.22464679914735E-16,-1.49975978266186E-32,
1.));
#1881=DIRECTION('center_axis',(1.22464679914735E-16,-1.49975978266186E-32,
1.));
#1882=DIRECTION('ref_axis',(1.,-1.22464679914735E-16,-1.22464679914735E-16));
#1883=DIRECTION('center_axis',(1.22464679914735E-16,-1.49975978266186E-32,
1.));
#1884=DIRECTION('ref_axis',(1.,-1.22464679914735E-16,-1.22464679914735E-16));
#1885=DIRECTION('center_axis',(1.22464679914735E-16,-1.49975978266186E-32,
1.));
#1886=DIRECTION('ref_axis',(1.,-1.22464679914735E-16,-1.22464679914735E-16));
#1887=DIRECTION('center_axis',(1.22464679914735E-16,-1.49975978266186E-32,
1.));
#1888=DIRECTION('ref_axis',(1.,-1.22464679914735E-16,-1.22464679914735E-16));
#1889=DIRECTION('',(1.22464679914735E-16,-1.49975978266186E-32,1.));
#1890=DIRECTION('center_axis',(1.22464679914735E-16,-1.49975978266186E-32,
1.));
#1891=DIRECTION('ref_axis',(1.,-1.22464679914735E-16,-1.22464679914735E-16));
#1892=DIRECTION('',(1.22464679914735E-16,-1.49975978266186E-32,1.));
#1893=DIRECTION('center_axis',(-1.,1.22464679914735E-16,1.22464679914735E-16));
#1894=DIRECTION('ref_axis',(-1.22464679914735E-16,1.49975978266186E-32,
-1.));
#1895=DIRECTION('',(-1.22464679914735E-16,1.49975978266186E-32,-1.));
#1896=DIRECTION('',(1.22464679914735E-16,-1.49975978266186E-32,1.));
#1897=DIRECTION('center_axis',(-1.22464679914735E-16,-1.,0.));
#1898=DIRECTION('ref_axis',(-1.,1.22464679914735E-16,1.22464679914735E-16));
#1899=DIRECTION('',(-1.22464679914735E-16,1.49975978266186E-32,-1.));
#1900=DIRECTION('center_axis',(1.22464679914735E-16,-1.49975978266186E-32,
1.));
#1901=DIRECTION('ref_axis',(1.,-1.22464679914735E-16,-1.22464679914735E-16));
#1902=DIRECTION('center_axis',(1.22464679914735E-16,-1.49975978266186E-32,
1.));
#1903=DIRECTION('ref_axis',(1.,-1.22464679914735E-16,-1.22464679914735E-16));
#1904=DIRECTION('center_axis',(1.22464679914735E-16,-1.49975978266186E-32,
1.));
#1905=DIRECTION('ref_axis',(1.,-1.22464679914735E-16,-1.22464679914735E-16));
#1906=DIRECTION('center_axis',(1.22464679914735E-16,-1.49975978266186E-32,
1.));
#1907=DIRECTION('ref_axis',(1.,-1.22464679914735E-16,-1.22464679914735E-16));
#1908=DIRECTION('',(1.22464679914735E-16,-1.49975978266186E-32,1.));
#1909=DIRECTION('center_axis',(1.22464679914735E-16,-1.49975978266186E-32,
1.));
#1910=DIRECTION('ref_axis',(1.,-1.22464679914735E-16,-1.22464679914735E-16));
#1911=DIRECTION('',(1.22464679914735E-16,-1.49975978266186E-32,1.));
#1912=DIRECTION('center_axis',(-1.22464679914735E-16,-1.,0.));
#1913=DIRECTION('ref_axis',(-1.22464679914735E-16,1.49975978266186E-32,
-1.));
#1914=DIRECTION('',(-1.22464679914735E-16,1.49975978266186E-32,-1.));
#1915=DIRECTION('center_axis',(-1.,1.22464679914735E-16,1.22464679914735E-16));
#1916=DIRECTION('ref_axis',(1.22464679914735E-16,1.,0.));
#1917=CARTESIAN_POINT('',(0.,0.,0.));
#1918=CARTESIAN_POINT('Origin',(350.,-1086.49997587524,65.));
#1919=CARTESIAN_POINT('',(320.,-1060.,65.));
#1920=CARTESIAN_POINT('',(320.,-1086.49997587524,65.));
#1921=CARTESIAN_POINT('',(320.,-1086.49997587524,65.));
#1922=CARTESIAN_POINT('',(220.,-1060.,65.));
#1923=CARTESIAN_POINT('',(1709.23919697083,-1060.,65.));
#1924=CARTESIAN_POINT('',(220.,-1086.49997587524,65.));
#1925=CARTESIAN_POINT('',(220.,-1086.49997587524,65.));
#1926=CARTESIAN_POINT('',(194.230180202541,-1086.49997587524,65.));
#1927=CARTESIAN_POINT('Origin',(38.4603604050812,-1086.49997587524,0.));
#1928=CARTESIAN_POINT('',(28.4603604050812,-1086.49997587524,175.));
#1929=CARTESIAN_POINT('',(3108.1215637087,-1086.49997587524,175.));
#1930=CARTESIAN_POINT('',(28.4603604050812,-1086.49997587524,175.));
#1931=CARTESIAN_POINT('',(28.4603604050812,-1086.49997587524,0.));
#1932=CARTESIAN_POINT('',(28.4603604050812,-1086.49997587524,0.));
#1933=CARTESIAN_POINT('',(3108.12156370869,-1086.49997587524,0.));
#1934=CARTESIAN_POINT('',(38.4603604050812,-1086.49997587524,0.));
#1935=CARTESIAN_POINT('',(3108.12156370869,-1086.49997587524,0.));
#1936=CARTESIAN_POINT('',(320.,-1086.49997587524,110.));
#1937=CARTESIAN_POINT('',(320.,-1086.49997587524,45.));
#1938=CARTESIAN_POINT('',(220.,-1086.49997587524,110.));
#1939=CARTESIAN_POINT('',(220.,-1086.49997587524,45.));
#1940=CARTESIAN_POINT('',(129.230180202541,-1086.49997587524,110.));
#1941=CARTESIAN_POINT('Origin',(320.,-1086.49997587524,130.));
#1942=CARTESIAN_POINT('',(320.,-1060.,110.));
#1943=CARTESIAN_POINT('',(320.,-1086.49997587524,110.));
#1944=CARTESIAN_POINT('',(320.,-1060.,77.5));
#1945=CARTESIAN_POINT('Origin',(220.,-1086.49997587524,110.));
#1946=CARTESIAN_POINT('',(220.,-1060.,110.));
#1947=CARTESIAN_POINT('',(220.,-1086.49997587524,110.));
#1948=CARTESIAN_POINT('',(1644.23919697083,-1060.,110.));
#1949=CARTESIAN_POINT('Origin',(220.,-1086.49997587524,90.));
#1950=CARTESIAN_POINT('',(220.,-1060.,57.5));
#1951=CARTESIAN_POINT('Origin',(3085.70983886719,-76.9160652160645,182.5));
#1952=CARTESIAN_POINT('',(3069.72483886719,-76.9160652160645,175.));
#1953=CARTESIAN_POINT('Origin',(3085.70983886719,-76.9160652160645,175.));
#1954=CARTESIAN_POINT('',(3069.72483886719,-76.9160652160645,120.));
#1955=CARTESIAN_POINT('',(3069.72483886719,-76.9160652160645,182.5));
#1956=CARTESIAN_POINT('Origin',(3085.70983886719,-76.9160652160645,120.));
#1957=CARTESIAN_POINT('Origin',(3085.70983886719,-76.9160652160645,120.));
#1958=CARTESIAN_POINT('Origin',(3090.44852961936,-1064.63482875127,182.5));
#1959=CARTESIAN_POINT('',(3074.46352961936,-1064.63482875127,175.));
#1960=CARTESIAN_POINT('Origin',(3090.44852961936,-1064.63482875127,175.));
#1961=CARTESIAN_POINT('',(3074.46352961936,-1064.63482875127,120.));
#1962=CARTESIAN_POINT('',(3074.46352961936,-1064.63482875127,182.5));
#1963=CARTESIAN_POINT('Origin',(3090.44852961936,-1064.63482875127,120.));
#1964=CARTESIAN_POINT('Origin',(3090.44852961936,-1064.63482875127,120.));
#1965=CARTESIAN_POINT('Origin',(3108.12156370869,-1080.49997587524,0.));
#1966=CARTESIAN_POINT('',(3108.12156370869,-38.3586324847661,0.));
#1967=CARTESIAN_POINT('',(3108.12156370869,-820.964640027622,0.));
#1968=CARTESIAN_POINT('',(3108.1215637087,-38.3586324847661,175.));
#1969=CARTESIAN_POINT('',(3108.12156370869,-38.3586324847661,0.));
#1970=CARTESIAN_POINT('',(3108.12156370869,-824.464640027621,175.));
#1971=CARTESIAN_POINT('Origin',(50.4184929727523,-70.,25.));
#1972=CARTESIAN_POINT('',(3068.47839394166,-70.,25.));
#1973=CARTESIAN_POINT('',(50.4184929727521,-70.,25.));
#1974=CARTESIAN_POINT('',(817.85472751482,-70.,25.));
#1975=CARTESIAN_POINT('',(3068.47839394166,-70.,175.));
#1976=CARTESIAN_POINT('',(3068.47839394166,-70.,25.));
#1977=CARTESIAN_POINT('',(50.4184929727523,-70.,175.));
#1978=CARTESIAN_POINT('',(3068.47839394166,-70.,175.));
#1979=CARTESIAN_POINT('',(50.4184929727521,-70.,25.));
#1980=CARTESIAN_POINT('Origin',(1580.79096205689,-562.429304180003,175.));
#1981=CARTESIAN_POINT('',(28.4603604050812,-38.3586324847661,175.));
#1982=CARTESIAN_POINT('',(3093.1215637087,-38.3586324847661,175.));
#1983=CARTESIAN_POINT('',(28.4603604050812,-38.3586324847661,175.));
#1984=CARTESIAN_POINT('',(50.4184929727523,-1060.,175.));
#1985=CARTESIAN_POINT('',(50.4184929727521,-70.,175.));
#1986=CARTESIAN_POINT('',(3068.47839394166,-1060.,175.));
#1987=CARTESIAN_POINT('',(3068.47839394166,-1060.,175.));
#1988=CARTESIAN_POINT('',(50.4184929727521,-1060.,175.));
#1989=CARTESIAN_POINT('Origin',(3132.12156370869,-38.3586324847661,0.));
#1990=CARTESIAN_POINT('',(28.4603604050811,-38.3586324847661,0.));
#1991=CARTESIAN_POINT('',(38.4603604050811,-38.3586324847661,0.));
#1992=CARTESIAN_POINT('',(28.4603604050812,-38.3586324847661,25.));
#1993=CARTESIAN_POINT('Origin',(3068.47839394166,-1060.,25.));
#1994=CARTESIAN_POINT('',(50.4184929727521,-1060.,25.));
#1995=CARTESIAN_POINT('',(3068.47839394166,-1060.,25.));
#1996=CARTESIAN_POINT('',(2326.88467799928,-1060.,25.));
#1997=CARTESIAN_POINT('',(50.4184929727521,-1060.,25.));
#1998=CARTESIAN_POINT('',(3068.47839394166,-1060.,25.));
#1999=CARTESIAN_POINT('Origin',(3068.47839394166,-70.,25.));
#2000=CARTESIAN_POINT('',(3068.47839394166,-315.714652090002,25.));
#2001=CARTESIAN_POINT('Origin',(50.4184929727521,-1060.,25.));
#2002=CARTESIAN_POINT('',(50.4184929727521,-810.714652090002,25.));
#2003=CARTESIAN_POINT('Origin',(1585.29096205689,-561.429304180003,25.));
#2004=CARTESIAN_POINT('',(141.27998361062,-147.392729884232,25.));
#2005=CARTESIAN_POINT('Origin',(118.034015395096,-147.392729884232,25.));
#2006=CARTESIAN_POINT('',(135.599908790992,-1004.62119741824,25.));
#2007=CARTESIAN_POINT('Origin',(113.203396199246,-1004.62119741824,25.));
#2008=CARTESIAN_POINT('',(3031.67503459564,-1000.,25.));
#2009=CARTESIAN_POINT('Origin',(3010.,-1000.,25.));
#2010=CARTESIAN_POINT('',(3037.87968232815,-143.792143168046,25.));
#2011=CARTESIAN_POINT('Origin',(3013.76306571742,-143.792143168046,25.));
#2012=CARTESIAN_POINT('Origin',(28.4603604050812,-42.3586324847662,0.));
#2013=CARTESIAN_POINT('',(28.4603604050811,-42.3586324847661,0.));
#2014=CARTESIAN_POINT('Origin',(3010.90754095632,-1002.04196715171,60.));
#2015=CARTESIAN_POINT('',(2994.92254095632,-1002.04196715171,85.));
#2016=CARTESIAN_POINT('Origin',(3010.90754095632,-1002.04196715171,85.));
#2017=CARTESIAN_POINT('',(2994.92254095632,-1002.04196715171,35.));
#2018=CARTESIAN_POINT('',(2994.92254095632,-1002.04196715171,60.));
#2019=CARTESIAN_POINT('Origin',(3010.90754095632,-1002.04196715171,35.));
#2020=CARTESIAN_POINT('Origin',(3010.90754095632,-1002.04196715171,35.));
#2021=CARTESIAN_POINT('Origin',(3014.218445239,-142.426004603312,60.));
#2022=CARTESIAN_POINT('',(2998.233445239,-142.426004603312,85.));
#2023=CARTESIAN_POINT('Origin',(3014.218445239,-142.426004603312,85.));
#2024=CARTESIAN_POINT('',(2998.233445239,-142.426004603312,35.));
#2025=CARTESIAN_POINT('',(2998.233445239,-142.426004603312,60.));
#2026=CARTESIAN_POINT('Origin',(3014.218445239,-142.426004603312,35.));
#2027=CARTESIAN_POINT('Origin',(3014.218445239,-142.426004603312,35.));
#2028=CARTESIAN_POINT('Origin',(113.099803924561,-1001.45675958753,60.));
#2029=CARTESIAN_POINT('',(94.8367039245606,-1001.45675958753,85.));
#2030=CARTESIAN_POINT('Origin',(113.099803924561,-1001.45675958753,85.));
#2031=CARTESIAN_POINT('',(94.8367039245606,-1001.45675958753,35.));
#2032=CARTESIAN_POINT('',(94.8367039245606,-1001.45675958753,60.));
#2033=CARTESIAN_POINT('Origin',(113.099803924561,-1001.45675958753,35.));
#2034=CARTESIAN_POINT('Origin',(113.099803924561,-1001.45675958753,35.));
#2035=CARTESIAN_POINT('Origin',(3013.76306571742,-143.792143168046,25.));
#2036=CARTESIAN_POINT('',(3037.87968232815,-143.792143168046,85.));
#2037=CARTESIAN_POINT('Origin',(3013.76306571742,-143.792143168046,85.));
#2038=CARTESIAN_POINT('',(3037.87968232815,-143.792143168046,25.));
#2039=CARTESIAN_POINT('Origin',(3013.76306571742,-143.792143168046,85.));
#2040=CARTESIAN_POINT('Origin',(3010.,-1000.,25.));
#2041=CARTESIAN_POINT('',(3031.67503459564,-1000.,85.));
#2042=CARTESIAN_POINT('Origin',(3010.,-1000.,85.));
#2043=CARTESIAN_POINT('',(3031.67503459564,-1000.,25.));
#2044=CARTESIAN_POINT('Origin',(3010.,-1000.,85.));
#2045=CARTESIAN_POINT('Origin',(113.203396199246,-1004.62119741824,25.));
#2046=CARTESIAN_POINT('',(135.599908790992,-1004.62119741824,85.));
#2047=CARTESIAN_POINT('Origin',(113.203396199246,-1004.62119741824,85.));
#2048=CARTESIAN_POINT('',(135.599908790992,-1004.62119741824,25.));
#2049=CARTESIAN_POINT('Origin',(113.203396199246,-1004.62119741824,85.));
#2050=CARTESIAN_POINT('Origin',(115.155569262304,-144.774724899524,55.));
#2051=CARTESIAN_POINT('',(99.1705692623041,-144.774724899524,85.));
#2052=CARTESIAN_POINT('Origin',(115.155569262304,-144.774724899524,85.));
#2053=CARTESIAN_POINT('',(99.1705692623041,-144.774724899524,25.));
#2054=CARTESIAN_POINT('',(99.1705692623041,-144.774724899524,55.));
#2055=CARTESIAN_POINT('Origin',(115.155569262304,-144.774724899524,25.));
#2056=CARTESIAN_POINT('Origin',(115.155569262304,-144.774724899524,25.));
#2057=CARTESIAN_POINT('Origin',(118.034015395096,-147.392729884232,85.));
#2058=CARTESIAN_POINT('',(141.27998361062,-147.392729884232,85.));
#2059=CARTESIAN_POINT('Origin',(118.034015395096,-147.392729884232,85.));
#2060=CARTESIAN_POINT('Origin',(118.034015395096,-147.392729884232,25.));
#2061=CARTESIAN_POINT('',(141.27998361062,-147.392729884232,25.));
#2062=CARTESIAN_POINT('Origin',(1585.29096205689,-561.429304180003,0.));
#2063=CARTESIAN_POINT('Origin',(2158.62972296238,-131.094249921382,175.));
#2064=CARTESIAN_POINT('',(2158.62972296238,-131.094249921382,195.));
#2065=CARTESIAN_POINT('',(2158.62972296238,-131.094249921382,175.));
#2066=CARTESIAN_POINT('',(2158.62972296238,-131.094249921382,175.));
#2067=CARTESIAN_POINT('',(2158.62972296238,-281.094249921382,195.));
#2068=CARTESIAN_POINT('',(2158.62972296238,-422.814711577627,195.));
#2069=CARTESIAN_POINT('',(2158.62972296238,-281.094249921382,175.));
#2070=CARTESIAN_POINT('',(2158.62972296238,-281.094249921382,180.));
#2071=CARTESIAN_POINT('',(2158.62972296238,-422.814711577627,175.));
#2072=CARTESIAN_POINT('Origin',(1700.4538992398,-281.094249921382,185.));
#2073=CARTESIAN_POINT('',(1217.27807551721,-281.094249921382,195.));
#2074=CARTESIAN_POINT('',(2900.,-281.094249921382,195.));
#2075=CARTESIAN_POINT('',(1217.27807551721,-281.094249921382,175.));
#2076=CARTESIAN_POINT('',(1217.27807551721,-281.094249921382,195.));
#2077=CARTESIAN_POINT('',(430.,-281.094249921382,175.));
#2078=CARTESIAN_POINT('Origin',(1559.01213096843,-714.535173233873,195.));
#2079=CARTESIAN_POINT('',(3111.89257306012,-1088.52322150705,195.));
#2080=CARTESIAN_POINT('',(3111.89257306012,-39.5471249606912,195.));
#2081=CARTESIAN_POINT('',(3111.89257306012,-527.541149097282,195.));
#2082=CARTESIAN_POINT('',(28.6316888767362,-39.5471249606912,195.));
#2083=CARTESIAN_POINT('',(3097.39257306012,-39.5471249606912,195.));
#2084=CARTESIAN_POINT('',(28.6316888767357,-1088.52322150705,195.));
#2085=CARTESIAN_POINT('',(28.6316888767357,-340.547124960691,195.));
#2086=CARTESIAN_POINT('',(3089.39257306012,-1088.52322150705,195.));
#2087=CARTESIAN_POINT('',(3069.72483886719,-1054.17818470532,195.));
#2088=CARTESIAN_POINT('Origin',(3085.70983886719,-1054.17818470532,195.));
#2089=CARTESIAN_POINT('',(3074.46352961936,-66.459421170115,195.));
#2090=CARTESIAN_POINT('Origin',(3090.44852961936,-66.459421170115,195.));
#2091=CARTESIAN_POINT('',(2925.,-131.094249921382,195.));
#2092=CARTESIAN_POINT('',(2229.50606548422,-131.094249921382,195.));
#2093=CARTESIAN_POINT('',(2925.,-986.094249921382,195.));
#2094=CARTESIAN_POINT('',(2925.,-847.814711577628,195.));
#2095=CARTESIAN_POINT('',(429.999999999999,-986.094249921382,195.));
#2096=CARTESIAN_POINT('',(2229.50606548422,-986.094249921382,195.));
#2097=CARTESIAN_POINT('',(430.,-668.209893105214,195.));
#2098=CARTESIAN_POINT('',(429.999999999999,-847.814711577627,195.));
#2099=CARTESIAN_POINT('',(575.,-668.209893105214,195.));
#2100=CARTESIAN_POINT('',(500.,-668.209893105214,195.));
#2101=CARTESIAN_POINT('',(575.,-321.825634095405,195.));
#2102=CARTESIAN_POINT('',(575.,-604.776468417091,195.));
#2103=CARTESIAN_POINT('',(430.,-321.825634095405,195.));
#2104=CARTESIAN_POINT('',(1029.50606548422,-321.825634095405,195.));
#2105=CARTESIAN_POINT('',(430.,-131.094249921382,195.));
#2106=CARTESIAN_POINT('',(430.,-447.814711577627,195.));
#2107=CARTESIAN_POINT('',(1217.27807551721,-131.094249921382,195.));
#2108=CARTESIAN_POINT('',(1029.50606548422,-131.094249921381,195.));
#2109=CARTESIAN_POINT('',(1217.27807551721,-131.094249921382,195.));
#2110=CARTESIAN_POINT('',(281.024479934208,-419.728682152886,195.));
#2111=CARTESIAN_POINT('',(334.943185275594,-545.053675194075,195.));
#2112=CARTESIAN_POINT('',(461.299683759455,-838.748176813421,195.));
#2113=CARTESIAN_POINT('',(390.550139541699,-418.027590269142,195.));
#2114=CARTESIAN_POINT('',(430.04119399048,-327.815959324918,195.));
#2115=CARTESIAN_POINT('',(400.893681967211,-416.388618304878,195.));
#2116=CARTESIAN_POINT('Origin',(397.284128550508,-427.06725160844,195.));
#2117=CARTESIAN_POINT('',(405.63284688096,-419.896239189467,195.));
#2118=CARTESIAN_POINT('',(848.665614056482,-747.800208556218,195.));
#2119=CARTESIAN_POINT('',(404.226460072459,-441.087032079865,195.));
#2120=CARTESIAN_POINT('Origin',(379.392580300287,-428.796795662005,195.));
#2121=CARTESIAN_POINT('',(343.359994449545,-564.07494199833,195.));
#2122=CARTESIAN_POINT('',(433.036116104078,-382.873706490202,195.));
#2123=CARTESIAN_POINT('',(422.737395831492,-717.182340711335,195.));
#2124=CARTESIAN_POINT('',(542.552488906761,-948.288132888137,195.));
#2125=CARTESIAN_POINT('',(417.805630516209,-729.005904948925,195.));
#2126=CARTESIAN_POINT('Origin',(414.373318114847,-720.633907515167,195.));
#2127=CARTESIAN_POINT('',(411.442587729713,-731.614595508053,195.));
#2128=CARTESIAN_POINT('',(905.660411872276,-528.997480512451,195.));
#2129=CARTESIAN_POINT('',(390.735439543119,-722.202255423237,195.));
#2130=CARTESIAN_POINT('Origin',(406.089436329432,-715.907495541009,195.));
#2131=CARTESIAN_POINT('',(333.377460218592,-582.296326254337,195.));
#2132=CARTESIAN_POINT('',(444.764997837017,-853.989595994017,195.));
#2133=CARTESIAN_POINT('',(274.022422491402,-722.861718803416,195.));
#2134=CARTESIAN_POINT('',(372.737840905841,-489.082547373189,195.));
#2135=CARTESIAN_POINT('',(255.57215411821,-731.675220464966,195.));
#2136=CARTESIAN_POINT('Origin',(260.88832164472,-719.085401574526,195.));
#2137=CARTESIAN_POINT('',(250.993935275594,-729.742025194075,195.));
#2138=CARTESIAN_POINT('',(803.312437992047,-962.963623851183,195.));
#2139=CARTESIAN_POINT('',(245.157912897966,-713.417404677409,195.));
#2140=CARTESIAN_POINT('Origin',(255.57215411821,-718.899826226133,195.));
#2141=CARTESIAN_POINT('',(324.67792549332,-562.363607437455,195.));
#2142=CARTESIAN_POINT('',(427.2385743066,-367.542518443504,195.));
#2143=CARTESIAN_POINT('',(260.444431364525,-427.679173837406,195.));
#2144=CARTESIAN_POINT('',(436.487166330154,-796.804602398213,195.));
#2145=CARTESIAN_POINT('',(262.89255160678,-419.103550259859,195.));
#2146=CARTESIAN_POINT('Origin',(267.115197639295,-424.946256741452,195.));
#2147=CARTESIAN_POINT('',(267.278175818171,-415.933968023497,195.));
#2148=CARTESIAN_POINT('',(620.661416178203,-160.536517789663,195.));
#2149=CARTESIAN_POINT('Origin',(272.630647800891,-423.33996949868,195.));
#2150=CARTESIAN_POINT('Origin',(333.377460218592,-582.296326254337,174.605075));
#2151=CARTESIAN_POINT('',(390.735439543119,-722.202255423237,175.));
#2152=CARTESIAN_POINT('',(390.735439543119,-722.202255423237,174.605075));
#2153=CARTESIAN_POINT('',(333.377460218592,-582.296326254337,175.));
#2154=CARTESIAN_POINT('',(444.764997837017,-853.989595994017,175.));
#2155=CARTESIAN_POINT('',(333.377460218592,-582.296326254337,174.605075));
#2156=CARTESIAN_POINT('Origin',(274.022422491402,-722.861718803416,174.605075));
#2157=CARTESIAN_POINT('',(274.022422491402,-722.861718803416,175.));
#2158=CARTESIAN_POINT('',(372.737840905841,-489.082547373189,175.));
#2159=CARTESIAN_POINT('',(274.022422491402,-722.861718803416,174.605075));
#2160=CARTESIAN_POINT('Origin',(260.88832164472,-719.085401574526,174.605075));
#2161=CARTESIAN_POINT('',(255.57215411821,-731.675220464966,175.));
#2162=CARTESIAN_POINT('Origin',(260.88832164472,-719.085401574526,175.));
#2163=CARTESIAN_POINT('',(255.57215411821,-731.675220464966,174.605075));
#2164=CARTESIAN_POINT('Origin',(250.993935275594,-729.742025194075,174.605075));
#2165=CARTESIAN_POINT('',(250.993935275594,-729.742025194075,175.));
#2166=CARTESIAN_POINT('',(803.312437992047,-962.963623851183,175.));
#2167=CARTESIAN_POINT('',(250.993935275594,-729.742025194075,174.605075));
#2168=CARTESIAN_POINT('Origin',(255.57215411821,-718.899826226133,174.605075));
#2169=CARTESIAN_POINT('',(245.157912897966,-713.417404677409,175.));
#2170=CARTESIAN_POINT('Origin',(255.57215411821,-718.899826226133,175.));
#2171=CARTESIAN_POINT('',(245.157912897966,-713.417404677409,174.605075));
#2172=CARTESIAN_POINT('Origin',(324.67792549332,-562.363607437455,174.605075));
#2173=CARTESIAN_POINT('',(324.67792549332,-562.363607437455,175.));
#2174=CARTESIAN_POINT('',(427.2385743066,-367.542518443504,175.));
#2175=CARTESIAN_POINT('',(324.67792549332,-562.363607437455,174.605075));
#2176=CARTESIAN_POINT('Origin',(260.444431364525,-427.679173837406,174.605075));
#2177=CARTESIAN_POINT('',(260.444431364525,-427.679173837406,175.));
#2178=CARTESIAN_POINT('',(436.487166330154,-796.804602398213,175.));
#2179=CARTESIAN_POINT('',(260.444431364525,-427.679173837406,174.605075));
#2180=CARTESIAN_POINT('Origin',(267.115197639295,-424.946256741452,174.605075));
#2181=CARTESIAN_POINT('',(262.89255160678,-419.103550259859,175.));
#2182=CARTESIAN_POINT('Origin',(267.115197639295,-424.946256741452,175.));
#2183=CARTESIAN_POINT('',(262.89255160678,-419.103550259859,174.605075));
#2184=CARTESIAN_POINT('Origin',(267.278175818171,-415.933968023497,174.605075));
#2185=CARTESIAN_POINT('',(267.278175818171,-415.933968023497,175.));
#2186=CARTESIAN_POINT('',(620.661416178203,-160.536517789663,175.));
#2187=CARTESIAN_POINT('',(267.278175818171,-415.933968023497,174.605075));
#2188=CARTESIAN_POINT('Origin',(272.630647800891,-423.33996949868,174.605075));
#2189=CARTESIAN_POINT('',(281.024479934208,-419.728682152886,175.));
#2190=CARTESIAN_POINT('Origin',(272.630647800891,-423.33996949868,175.));
#2191=CARTESIAN_POINT('',(281.024479934208,-419.728682152886,174.605075));
#2192=CARTESIAN_POINT('Origin',(334.943185275594,-545.053675194075,174.605075));
#2193=CARTESIAN_POINT('',(334.943185275594,-545.053675194075,175.));
#2194=CARTESIAN_POINT('',(461.299683759455,-838.748176813421,175.));
#2195=CARTESIAN_POINT('',(334.943185275594,-545.053675194075,174.605075));
#2196=CARTESIAN_POINT('Origin',(390.550139541699,-418.027590269142,174.605075));
#2197=CARTESIAN_POINT('',(390.550139541699,-418.027590269142,175.));
#2198=CARTESIAN_POINT('',(430.04119399048,-327.815959324918,175.));
#2199=CARTESIAN_POINT('',(390.550139541699,-418.027590269142,174.605075));
#2200=CARTESIAN_POINT('Origin',(397.284128550508,-427.06725160844,174.605075));
#2201=CARTESIAN_POINT('',(400.893681967211,-416.388618304878,175.));
#2202=CARTESIAN_POINT('Origin',(397.284128550508,-427.06725160844,175.));
#2203=CARTESIAN_POINT('',(400.893681967211,-416.388618304878,174.605075));
#2204=CARTESIAN_POINT('Origin',(405.63284688096,-419.896239189467,174.605075));
#2205=CARTESIAN_POINT('',(405.63284688096,-419.896239189467,175.));
#2206=CARTESIAN_POINT('',(848.665614056482,-747.800208556218,175.));
#2207=CARTESIAN_POINT('',(405.63284688096,-419.896239189467,174.605075));
#2208=CARTESIAN_POINT('Origin',(379.392580300287,-428.796795662005,174.605075));
#2209=CARTESIAN_POINT('',(404.226460072459,-441.087032079865,175.));
#2210=CARTESIAN_POINT('Origin',(379.392580300287,-428.796795662005,175.));
#2211=CARTESIAN_POINT('',(404.226460072459,-441.087032079865,174.605075));
#2212=CARTESIAN_POINT('Origin',(343.359994449545,-564.07494199833,174.605075));
#2213=CARTESIAN_POINT('',(343.359994449545,-564.07494199833,175.));
#2214=CARTESIAN_POINT('',(433.036116104078,-382.873706490202,175.));
#2215=CARTESIAN_POINT('',(343.359994449545,-564.07494199833,174.605075));
#2216=CARTESIAN_POINT('Origin',(422.737395831492,-717.182340711335,174.605075));
#2217=CARTESIAN_POINT('',(422.737395831492,-717.182340711335,175.));
#2218=CARTESIAN_POINT('',(542.552488906761,-948.288132888137,175.));
#2219=CARTESIAN_POINT('',(422.737395831492,-717.182340711335,174.605075));
#2220=CARTESIAN_POINT('Origin',(414.373318114847,-720.633907515167,174.605075));
#2221=CARTESIAN_POINT('',(417.805630516209,-729.005904948925,175.));
#2222=CARTESIAN_POINT('Origin',(414.373318114847,-720.633907515167,175.));
#2223=CARTESIAN_POINT('',(417.805630516209,-729.005904948925,174.605075));
#2224=CARTESIAN_POINT('Origin',(411.442587729713,-731.614595508053,174.605075));
#2225=CARTESIAN_POINT('',(411.442587729713,-731.614595508053,175.));
#2226=CARTESIAN_POINT('',(905.660411872276,-528.997480512451,175.));
#2227=CARTESIAN_POINT('',(411.442587729713,-731.614595508053,174.605075));
#2228=CARTESIAN_POINT('Origin',(406.089436329432,-715.907495541009,174.605075));
#2229=CARTESIAN_POINT('Origin',(406.089436329432,-715.907495541009,175.));
#2230=CARTESIAN_POINT('Origin',(2925.,-981.094249921382,175.));
#2231=CARTESIAN_POINT('',(2925.,-131.094249921382,175.));
#2232=CARTESIAN_POINT('',(2925.,-131.094249921382,175.));
#2233=CARTESIAN_POINT('',(2925.,-986.094249921382,175.));
#2234=CARTESIAN_POINT('',(2925.,-847.814711577628,175.));
#2235=CARTESIAN_POINT('',(2925.,-986.094249921382,175.));
#2236=CARTESIAN_POINT('Origin',(1217.27807551721,-131.094249921382,195.));
#2237=CARTESIAN_POINT('',(1217.27807551721,-131.094249921382,175.));
#2238=CARTESIAN_POINT('',(1217.27807551721,-131.094249921382,185.));
#2239=CARTESIAN_POINT('',(1217.27807551721,-131.094249921382,175.));
#2240=CARTESIAN_POINT('Origin',(2900.,-131.094249921382,175.));
#2241=CARTESIAN_POINT('',(430.,-131.094249921382,175.));
#2242=CARTESIAN_POINT('',(430.,-131.094249921382,175.));
#2243=CARTESIAN_POINT('',(1029.50606548422,-131.094249921381,175.));
#2244=CARTESIAN_POINT('Origin',(499.999999999999,-986.094249921382,175.));
#2245=CARTESIAN_POINT('',(429.999999999999,-986.094249921382,175.));
#2246=CARTESIAN_POINT('',(2229.50606548422,-986.094249921382,175.));
#2247=CARTESIAN_POINT('',(429.999999999999,-986.094249921382,175.));
#2248=CARTESIAN_POINT('Origin',(575.,-495.01776360031,185.));
#2249=CARTESIAN_POINT('',(575.,-321.825634095405,175.));
#2250=CARTESIAN_POINT('',(575.,-321.825634095405,180.));
#2251=CARTESIAN_POINT('',(575.,-668.209893105214,175.));
#2252=CARTESIAN_POINT('',(575.,-668.209893105214,190.));
#2253=CARTESIAN_POINT('',(575.,-604.776468417091,175.));
#2254=CARTESIAN_POINT('Origin',(1559.01213096843,-714.535173233873,175.));
#2255=CARTESIAN_POINT('',(3111.89257306012,-39.5471249606912,175.));
#2256=CARTESIAN_POINT('',(3111.89257306012,-1088.52322150705,175.));
#2257=CARTESIAN_POINT('',(3111.89257306012,-527.541149097282,175.));
#2258=CARTESIAN_POINT('',(28.6316888767357,-1088.52322150705,175.));
#2259=CARTESIAN_POINT('',(3089.39257306012,-1088.52322150705,175.));
#2260=CARTESIAN_POINT('',(28.6316888767362,-39.5471249606912,175.));
#2261=CARTESIAN_POINT('',(28.6316888767357,-340.547124960691,175.));
#2262=CARTESIAN_POINT('',(793.821909922583,-39.5471249606909,175.));
#2263=CARTESIAN_POINT('',(430.,-321.825634095405,175.));
#2264=CARTESIAN_POINT('',(430.,-447.814711577627,175.));
#2265=CARTESIAN_POINT('',(500.,-321.825634095405,175.));
#2266=CARTESIAN_POINT('',(430.,-668.209893105214,175.));
#2267=CARTESIAN_POINT('',(1029.50606548422,-668.209893105214,175.));
#2268=CARTESIAN_POINT('',(429.999999999999,-847.814711577627,175.));
#2269=CARTESIAN_POINT('',(1871.3209269654,-131.094249921382,175.));
#2270=CARTESIAN_POINT('',(3068.12633886719,-1054.17818470532,175.));
#2271=CARTESIAN_POINT('Origin',(3085.70983886719,-1054.17818470532,175.));
#2272=CARTESIAN_POINT('',(3072.86502961936,-66.459421170115,175.));
#2273=CARTESIAN_POINT('Origin',(3090.44852961936,-66.459421170115,175.));
#2274=CARTESIAN_POINT('Origin',(500.,-668.209893105214,195.));
#2275=CARTESIAN_POINT('',(430.,-668.209893105214,185.));
#2276=CARTESIAN_POINT('Origin',(500.,-321.825634095405,175.));
#2277=CARTESIAN_POINT('',(430.,-321.825634095405,175.));
#2278=CARTESIAN_POINT('Origin',(430.,-181.094249921382,175.));
#2279=CARTESIAN_POINT('Origin',(430.,-181.094249921382,175.));
#2280=CARTESIAN_POINT('Origin',(2900.,-131.094249921382,175.));
#2281=CARTESIAN_POINT('Origin',(3085.70983886719,-1054.17818470532,176.));
#2282=CARTESIAN_POINT('',(3068.12633886719,-1054.17818470532,176.));
#2283=CARTESIAN_POINT('Origin',(3085.70983886719,-1054.17818470532,176.));
#2284=CARTESIAN_POINT('',(3069.72483886719,-1054.17818470532,176.));
#2285=CARTESIAN_POINT('Origin',(3085.70983886719,-1054.17818470532,176.));
#2286=CARTESIAN_POINT('Origin',(3085.70983886719,-1054.17818470532,175.5));
#2287=CARTESIAN_POINT('',(3068.12633886719,-1054.17818470532,175.5));
#2288=CARTESIAN_POINT('Origin',(3085.70983886719,-1054.17818470532,237.5));
#2289=CARTESIAN_POINT('',(3069.72483886719,-1054.17818470532,237.5));
#2290=CARTESIAN_POINT('Origin',(3111.89257306012,-340.547124960691,195.));
#2291=CARTESIAN_POINT('',(3111.89257306012,-39.5471249606912,195.));
#2292=CARTESIAN_POINT('',(3111.89257306012,-1088.52322150705,195.));
#2293=CARTESIAN_POINT('Origin',(3089.39257306012,-1088.52322150705,195.));
#2294=CARTESIAN_POINT('',(28.6316888767357,-1088.52322150705,195.));
#2295=CARTESIAN_POINT('Origin',(3090.44852961936,-66.459421170115,176.));
#2296=CARTESIAN_POINT('',(3072.86502961936,-66.459421170115,176.));
#2297=CARTESIAN_POINT('Origin',(3090.44852961936,-66.459421170115,176.));
#2298=CARTESIAN_POINT('',(3074.46352961936,-66.459421170115,176.));
#2299=CARTESIAN_POINT('Origin',(3090.44852961936,-66.459421170115,176.));
#2300=CARTESIAN_POINT('Origin',(3090.44852961936,-66.459421170115,175.5));
#2301=CARTESIAN_POINT('',(3072.86502961936,-66.459421170115,175.5));
#2302=CARTESIAN_POINT('Origin',(3090.44852961936,-66.459421170115,237.5));
#2303=CARTESIAN_POINT('',(3074.46352961936,-66.459421170115,237.5));
#2304=CARTESIAN_POINT('Origin',(28.6316888767362,-39.5471249606912,195.));
#2305=CARTESIAN_POINT('',(28.6316888767362,-39.5471249606912,195.));
#2306=CARTESIAN_POINT('Origin',(28.6316888767357,-1088.52322150705,195.));
#2307=UNCERTAINTY_MEASURE_WITH_UNIT(LENGTH_MEASURE(0.01),#2311,
'DISTANCE_ACCURACY_VALUE',
'Maximum model space distance between geometric entities at asserted c
onnectivities');
#2308=UNCERTAINTY_MEASURE_WITH_UNIT(LENGTH_MEASURE(0.01),#2311,
'DISTANCE_ACCURACY_VALUE',
'Maximum model space distance between geometric entities at asserted c
onnectivities');
#2309=(
GEOMETRIC_REPRESENTATION_CONTEXT(3)
GLOBAL_UNCERTAINTY_ASSIGNED_CONTEXT((#2307))
GLOBAL_UNIT_ASSIGNED_CONTEXT((#2311,#2313,#2314))
REPRESENTATION_CONTEXT('','3D')
);
#2310=(
GEOMETRIC_REPRESENTATION_CONTEXT(3)
GLOBAL_UNCERTAINTY_ASSIGNED_CONTEXT((#2308))
GLOBAL_UNIT_ASSIGNED_CONTEXT((#2311,#2313,#2314))
REPRESENTATION_CONTEXT('','3D')
);
#2311=(
LENGTH_UNIT()
NAMED_UNIT(*)
SI_UNIT(.MILLI.,.METRE.)
);
#2312=(
LENGTH_UNIT()
NAMED_UNIT(*)
SI_UNIT($,.METRE.)
);
#2313=(
NAMED_UNIT(*)
PLANE_ANGLE_UNIT()
SI_UNIT($,.RADIAN.)
);
#2314=(
NAMED_UNIT(*)
SI_UNIT($,.STERADIAN.)
SOLID_ANGLE_UNIT()
);
#2315=SHAPE_DEFINITION_REPRESENTATION(#2316,#2317);
#2316=PRODUCT_DEFINITION_SHAPE('',$,#2319);
#2317=SHAPE_REPRESENTATION('',(#1403),#2309);
#2318=PRODUCT_DEFINITION_CONTEXT('part definition',#2323,'design');
#2319=PRODUCT_DEFINITION('2025-12-29-14-42-43-067','PCB with Case',#2320,
#2318);
#2320=PRODUCT_DEFINITION_FORMATION('',$,#2325);
#2321=PRODUCT_RELATED_PRODUCT_CATEGORY('PCB with Case','PCB with Case',
(#2325));
#2322=APPLICATION_PROTOCOL_DEFINITION('international standard',
'automotive_design',2009,#2323);
#2323=APPLICATION_CONTEXT(
'Core Data for Automotive Mechanical Design Process');
#2324=PRODUCT_CONTEXT('part definition',#2323,'mechanical');
#2325=PRODUCT('2025-12-29-14-42-43-067','PCB with Case',$,(#2324));
#2326=PRESENTATION_STYLE_ASSIGNMENT((#2328));
#2327=PRESENTATION_STYLE_ASSIGNMENT((#2329));
#2328=SURFACE_STYLE_USAGE(.BOTH.,#2330);
#2329=SURFACE_STYLE_USAGE(.BOTH.,#2331);
#2330=SURFACE_SIDE_STYLE('',(#2332));
#2331=SURFACE_SIDE_STYLE('',(#2333));
#2332=SURFACE_STYLE_FILL_AREA(#2334);
#2333=SURFACE_STYLE_FILL_AREA(#2335);
#2334=FILL_AREA_STYLE('Steel - Satin',(#2336));
#2335=FILL_AREA_STYLE('',(#2337));
#2336=FILL_AREA_STYLE_COLOUR('Steel - Satin',#2338);
#2337=FILL_AREA_STYLE_COLOUR('',#2339);
#2338=COLOUR_RGB('Steel - Satin',0.627450980392157,0.627450980392157,0.627450980392157);
#2339=COLOUR_RGB('',0.627450980392157,0.627450980392157,0.627450980392157);
ENDSEC;
END-ISO-10303-21;
